Donor_ID,Clothing_Barcode,Donation_Date,Donation_Reason,,,,,,,
1,1,1/1/2019,Sizes no longer fit,,,,,,,
2,2,1/1/2019,No longer my style,,,,,,,
3,3,1/1/2019,Too small,,,,,,,
3,4,1/1/2019,Have too many pairs,,,,,,,
4,5,1/2/2019,Not my stlye,,,,,,,
4,6,1/2/2019,Not my stlye,,,,,,,
5,7,1/2/2019,I have too many shirts,,,,,,,
5,8,1/2/2019,I am not a fan of vests,,,,,,,
6,9,1/2/2019,Old clothes,,,,,,,
7,10,1/3/2019,Not a fan of red shoes,,,,,,,
8,11,1/3/2019,Got new black shoes for Halloween,,,,,,,
9,12,1/3/2019,Got new stomper boots,,,,,,,
9,13,1/3/2019,Too cold to wear in winter,,,,,,,
10,14,1/3/2019,Got for christmas and didn't like,,,,,,,
11,15,1/4/2019,Too big for me,,,,,,,
12,16,1/5/2019,Too old,,,,,,,
13,17,1/5/2019,Too small,,,,,,,
13,28,1/5/2019,I do not like them anynmore,,,,,,,
14,18,1/5/2019,Too Small,,,,,,,
14,19,1/5/2019,Too Small,,,,,,,
15,20,1/6/2019,I have too many clothes,,,,,,,
15,21,1/6/2019,I have too many clothes,,,,,,,
16,22,1/6/2019,I no longer want these,,,,,,,
16,23,1/6/2019,I no longer want these,,,,,,,
17,24,1/7/2019,No longer my style,,,,,,,
17,25,1/7/2019,No longer my style,,,,,,,
18,26,1/7/2019,I don't like the color,,,,,,,
19,27,1/8/2019,Too big for me now,,,,,,,
20,29,1/8/2019,Clothing no longer fits,,,,,,,
20,30,1/8/2019,Clothing no longer fits,,,,,,,
1,31,1/8/2019,Sizes no longer fit,,,,,,,
2,32,1/9/2019,No longer my style,,,,,,,
3,33,1/9/2019,Too small,,,,,,,
3,34,1/9/2019,Have too many pairs,,,,,,,
4,35,1/9/2019,Not my stlye,,,,,,,
4,36,1/9/2019,Not my stlye,,,,,,,
5,37,1/10/2019,I have too many shirts,,,,,,,
5,38,1/10/2019,I am not a fan of vests,,,,,,,
6,39,1/10/2019,Old clothes,,,,,,,
7,40,1/10/2019,Not a fan of red shoes,,,,,,,
8,41,1/10/2019,Got new black shoes for Halloween,,,,,,,
9,42,1/11/2019,Got new stomper boots,,,,,,,
9,43,1/11/2019,Too cold to wear in winter,,,,,,,
10,44,1/11/2019,Got for christmas and didn't like,,,,,,,
11,45,1/12/2019,Too big for me,,,,,,,
12,46,1/12/2019,Too old,,,,,,,
13,47,1/12/2019,Too small,,,,,,,
13,58,1/12/2019,I do not like them anynmore,,,,,,,
14,48,1/12/2019,Too Small,,,,,,,
14,49,1/12/2019,Too Small,,,,,,,
15,50,1/13/2019,I have too many clothes,,,,,,,
15,51,1/13/2019,I have too many clothes,,,,,,,
16,52,1/13/2019,I no longer want these,,,,,,,
16,53,1/13/2019,I no longer want these,,,,,,,
17,54,1/14/2019,No longer my style,,,,,,,
17,55,1/14/2019,No longer my style,,,,,,,
18,56,1/14/2019,I don't like the color,,,,,,,
19,57,1/15/2019,Too big for me now,,,,,,,
20,59,1/15/2019,Clothing no longer fits,,,,,,,
20,60,1/15/2019,Clothing no longer fits,,,,,,,
1,61,1/15/2019,Sizes no longer fit,,,,,,,
2,62,1/15/2019,No longer my style,,,,,,,
3,63,1/16/2019,Too small,,,,,,,
3,64,1/16/2019,Have too many pairs,,,,,,,
4,65,1/16/2019,Not my stlye,,,,,,,
4,66,1/16/2019,Not my stlye,,,,,,,
5,67,1/17/2019,I have too many shirts,,,,,,,
5,68,1/17/2019,I am not a fan of vests,,,,,,,
6,69,1/17/2019,Old clothes,,,,,,,
7,70,1/17/2019,Not a fan of red shoes,,,,,,,
8,71,1/18/2019,Got new black shoes for Halloween,,,,,,,
9,72,1/18/2019,Got new stomper boots,,,,,,,
9,73,1/19/2019,Too cold to wear in winter,,,,,,,
10,74,1/19/2019,Got for christmas and didn't like,,,,,,,
11,75,1/19/2019,Too big for me,,,,,,,
12,76,1/19/2019,Too old,,,,,,,
13,77,1/21/2019,Too small,,,,,,,
13,78,1/21/2019,I do not like them anynmore,,,,,,,
14,79,1/21/2019,Too Small,,,,,,,
14,80,1/21/2019,Too Small,,,,,,,
15,81,1/21/2019,I have too many clothes,,,,,,,
15,82,1/22/2019,I have too many clothes,,,,,,,
16,83,1/22/2019,I no longer want these,,,,,,,
16,84,1/22/2019,I no longer want these,,,,,,,
17,85,1/22/2019,No longer my style,,,,,,,
17,86,1/22/2019,No longer my style,,,,,,,
18,87,1/23/2019,I don't like the color,,,,,,,
19,88,1/23/2019,Too big for me now,,,,,,,
20,89,1/23/2019,Clothing no longer fits,,,,,,,
20,90,1/24/2019,Clothing no longer fits,,,,,,,
1,91,1/24/2019,Sizes no longer fit,,,,,,,
2,92,1/24/2019,No longer my style,,,,,,,
3,93,1/24/2019,Too small,,,,,,,
3,94,1/25/2019,Have too many pairs,,,,,,,
4,95,1/25/2019,Not my stlye,,,,,,,
4,96,1/25/2019,Not my stlye,,,,,,,
5,97,1/25/2019,I have too many shirts,,,,,,,
5,98,1/25/2019,I am not a fan of vests,,,,,,,
6,99,1/27/2019,Old clothes,,,,,,,
7,100,1/27/2019,Not a fan of red shoes,,,,,,,
8,101,1/27/2019,Got new black shoes for Halloween,,,,,,,
9,102,1/27/2019,Got new stomper boots,,,,,,,
9,103,1/28/2019,Too cold to wear in winter,,,,,,,
10,104,1/28/2019,Got for christmas and didn't like,,,,,,,
11,105,1/28/2019,Too big for me,,,,,,,
12,106,1/30/2019,Too old,,,,,,,
13,107,1/30/2019,Too small,,,,,,,
13,108,1/30/2019,I do not like them anynmore,,,,,,,
14,109,1/31/2019,Too Small,,,,,,,
14,110,1/31/2019,Too Small,,,,,,,
15,111,1/31/2019,I have too many clothes,,,,,,,
15,112,2/1/2019,I have too many clothes,,,,,,,
16,113,2/1/2019,I no longer want these,,,,,,,
16,114,2/1/2019,I no longer want these,,,,,,,
17,115,2/2/2019,No longer my style,,,,,,,
17,116,2/2/2019,No longer my style,,,,,,,
18,117,2/2/2019,I don't like the color,,,,,,,
19,118,2/3/2019,Too big for me now,,,,,,,
20,119,2/3/2019,Clothing no longer fits,,,,,,,
20,120,2/3/2019,Clothing no longer fits,,,,,,,
5,121,2/3/2019,Sizes no longer fit,,,,,,,
17,122,2/3/2019,No longer my style,,,,,,,
20,123,2/3/2019,Too small,,,,,,,
11,124,2/3/2019,Have too many pairs,,,,,,,
10,125,2/3/2019,Not my stlye,,,,,,,
20,126,2/4/2019,Not my stlye,,,,,,,
21,127,2/5/2019,I have too many shirts,,,,,,,
21,128,2/5/2019,I am not a fan of vests,,,,,,,
21,129,2/5/2019,Old clothes,,,,,,,
21,130,2/6/2019,Not a fan of red shoes,,,,,,,
21,131,2/6/2019,Got new black shoes for Halloween,,,,,,,
21,132,2/7/2019,Got new stomper boots,,,,,,,
22,133,2/8/2019,Too cold to wear in winter,,,,,,,
23,134,2/8/2019,Got for christmas and didn't like,,,,,,,
23,135,2/8/2019,Too big for me,,,,,,,
24,136,2/8/2019,Too old,,,,,,,
24,137,2/9/2019,Too small,,,,,,,
24,138,2/9/2019,I do not like them anynmore,,,,,,,
24,139,2/10/2019,Too Small,,,,,,,
24,140,2/10/2019,Too Small,,,,,,,
24,141,2/11/2019,I have too many clothes,,,,,,,
25,142,2/11/2019,I have too many clothes,,,,,,,
25,143,2/11/2019,I no longer want these,,,,,,,
25,144,2/11/2019,I no longer want these,,,,,,,
25,145,2/11/2019,No longer my style,,,,,,,
25,146,2/11/2019,No longer my style,,,,,,,
25,147,2/11/2019,I don't like the color,,,,,,,
26,148,2/12/2019,Too big for me now,,,,,,,
26,149,2/12/2019,Clothing no longer fits,,,,,,,
26,150,2/12/2019,Clothing no longer fits,,,,,,,
26,151,2/12/2019,Sizes no longer fit,,,,,,,
26,152,2/13/2019,No longer my style,,,,,,,
27,153,2/13/2019,Too small,,,,,,,
27,154,2/14/2019,Have too many pairs,,,,,,,
27,155,2/14/2019,Not my stlye,,,,,,,
28,156,2/15/2019,Not my stlye,,,,,,,
28,157,2/15/2019,I have too many shirts,,,,,,,
28,158,2/16/2019,I am not a fan of vests,,,,,,,
28,159,2/16/2019,Old clothes,,,,,,,
28,160,2/16/2019,Not a fan of red shoes,,,,,,,
28,161,2/16/2019,Got new black shoes for Halloween,,,,,,,
28,162,2/17/2019,Got new stomper boots,,,,,,,
29,163,2/17/2019,Too cold to wear in winter,,,,,,,
29,164,2/17/2019,Got for christmas and didn't like,,,,,,,
29,165,2/17/2019,Too big for me,,,,,,,
29,166,2/18/2019,Too old,,,,,,,
30,167,2/18/2019,Too small,,,,,,,
30,168,2/18/2019,I do not like them anynmore,,,,,,,
31,169,2/19/2019,Too Small,,,,,,,
31,170,2/19/2019,Too Small,,,,,,,
31,171,2/19/2019,I have too many clothes,,,,,,,
31,172,2/19/2019,I have too many clothes,,,,,,,
31,173,2/20/2019,I no longer want these,,,,,,,
31,174,2/21/2019,I no longer want these,,,,,,,
31,175,2/22/2019,No longer my style,,,,,,,
32,176,2/22/2019,No longer my style,,,,,,,
32,177,2/22/2019,I don't like the color,,,,,,,
32,178,2/22/2019,Too big for me now,,,,,,,
33,179,2/22/2019,Clothing no longer fits,,,,,,,
33,180,2/22/2019,Clothing no longer fits,,,,,,,
33,181,2/22/2019,Sizes no longer fit,,,,,,,
33,182,2/22/2019,No longer my style,,,,,,,
34,183,2/23/2019,Too small,,,,,,,
34,184,2/23/2019,Have too many pairs,,,,,,,
34,185,2/23/2019,Not my stlye,,,,,,,
34,186,2/23/2019,Not my stlye,,,,,,,
35,187,2/23/2019,I have too many shirts,,,,,,,
35,188,2/24/2019,I am not a fan of vests,,,,,,,
35,189,2/24/2019,Old clothes,,,,,,,
35,190,2/24/2019,Not a fan of red shoes,,,,,,,
35,191,2/24/2019,Got new black shoes for Halloween,,,,,,,
35,192,2/25/2019,Got new stomper boots,,,,,,,
36,193,2/25/2019,Too cold to wear in winter,,,,,,,
37,194,2/26/2019,Got for christmas and didn't like,,,,,,,
37,195,2/26/2019,Too big for me,,,,,,,
37,196,2/27/2019,Too old,,,,,,,
37,197,2/27/2019,Too small,,,,,,,
37,198,2/27/2019,I do not like them anynmore,,,,,,,
38,199,2/27/2019,Too Small,,,,,,,
38,200,2/27/2019,Too Small,,,,,,,
38,201,2/28/2019,I have too many clothes,,,,,,,
39,202,2/28/2019,I have too many clothes,,,,,,,
39,203,2/28/2019,I no longer want these,,,,,,,
39,204,3/1/2019,I no longer want these,,,,,,,
40,205,3/1/2019,No longer my style,,,,,,,
40,206,3/1/2019,No longer my style,,,,,,,
40,207,3/1/2019,I don't like the color,,,,,,,
40,208,3/2/2019,Too big for me now,,,,,,,
41,209,3/4/2019,Clothing no longer fits,,,,,,,
41,210,3/4/2019,Clothing no longer fits,,,,,,,
41,211,3/5/2019,Sizes no longer fit,,,,,,,
41,212,3/5/2019,No longer my style,,,,,,,
41,213,3/5/2019,Too small,,,,,,,
41,214,3/6/2019,Have too many pairs,,,,,,,
41,215,3/6/2019,Not my stlye,,,,,,,
42,216,3/6/2019,Not my stlye,,,,,,,
42,217,3/6/2019,I have too many shirts,,,,,,,
42,218,3/7/2019,I am not a fan of vests,,,,,,,
42,219,3/7/2019,Old clothes,,,,,,,
43,220,3/7/2019,Not a fan of red shoes,,,,,,,
43,221,3/8/2019,Got new black shoes for Halloween,,,,,,,
44,222,3/8/2019,Got new stomper boots,,,,,,,
46,223,3/9/2019,Too cold to wear in winter,,,,,,,
47,224,3/9/2019,Got for christmas and didn't like,,,,,,,
47,225,3/9/2019,Too big for me,,,,,,,
47,226,3/9/2019,Too old,,,,,,,
47,227,3/9/2019,Too small,,,,,,,
47,228,3/10/2019,I do not like them anynmore,,,,,,,
47,229,3/10/2019,Too Small,,,,,,,
48,230,3/10/2019,Too Small,,,,,,,
48,231,3/10/2019,I have too many clothes,,,,,,,
48,232,3/10/2019,I have too many clothes,,,,,,,
48,233,3/11/2019,I no longer want these,,,,,,,
49,234,3/11/2019,I no longer want these,,,,,,,
49,235,3/11/2019,No longer my style,,,,,,,
50,236,3/12/2019,No longer my style,,,,,,,
50,237,3/12/2019,I don't like the color,,,,,,,
50,238,3/12/2019,Too big for me now,,,,,,,
50,239,3/13/2019,Clothing no longer fits,,,,,,,
50,240,3/13/2019,Clothing no longer fits,,,,,,,
51,241,3/13/2019,Sizes no longer fit,,,,,,,
51,242,3/14/2019,No longer my style,,,,,,,
52,243,3/14/2019,Too small,,,,,,,
52,244,3/15/2019,Have too many pairs,,,,,,,
52,245,3/16/2019,Not my stlye,,,,,,,
52,246,3/16/2019,Not my stlye,,,,,,,
53,247,3/16/2019,I have too many shirts,,,,,,,
53,248,3/17/2019,I am not a fan of vests,,,,,,,
53,249,3/17/2019,Old clothes,,,,,,,
53,250,3/18/2019,Not a fan of red shoes,,,,,,,
55,251,3/18/2019,Got new black shoes for Halloween,,,,,,,
55,252,3/18/2019,Got new stomper boots,,,,,,,
55,253,3/19/2019,Too cold to wear in winter,,,,,,,
55,254,3/19/2019,Got for christmas and didn't like,,,,,,,
56,255,3/19/2019,Too big for me,,,,,,,
56,256,3/19/2019,Too old,,,,,,,
56,257,3/20/2019,Too small,,,,,,,
56,258,3/20/2019,I do not like them anynmore,,,,,,,
56,259,3/21/2019,Too Small,,,,,,,
56,260,3/22/2019,Too Small,,,,,,,
57,261,3/23/2019,I have too many clothes,,,,,,,
57,262,3/23/2019,I have too many clothes,,,,,,,
57,263,3/24/2019,I no longer want these,,,,,,,
57,264,3/25/2019,I no longer want these,,,,,,,
58,265,3/25/2019,No longer my style,,,,,,,
58,266,3/26/2019,No longer my style,,,,,,,
58,267,3/26/2019,I don't like the color,,,,,,,
59,268,3/26/2019,Too big for me now,,,,,,,
60,269,3/27/2019,Clothing no longer fits,,,,,,,
60,270,3/27/2019,Clothing no longer fits,,,,,,,
60,271,3/28/2019,Sizes no longer fit,,,,,,,
60,272,3/28/2019,No longer my style,,,,,,,
60,273,3/28/2019,Too small,,,,,,,
61,274,3/29/2019,Have too many pairs,,,,,,,
61,275,3/29/2019,Not my stlye,,,,,,,
61,276,3/30/2019,Not my stlye,,,,,,,
61,277,3/30/2019,I have too many shirts,,,,,,,
61,278,3/30/2019,I am not a fan of vests,,,,,,,
62,279,3/30/2019,Old clothes,,,,,,,
62,280,3/30/2019,Not a fan of red shoes,,,,,,,
62,281,3/30/2019,Got new black shoes for Halloween,,,,,,,
62,282,3/31/2019,Got new stomper boots,,,,,,,
63,283,3/31/2019,Too cold to wear in winter,,,,,,,
64,284,3/31/2019,Got for christmas and didn't like,,,,,,,
64,285,3/31/2019,Too big for me,,,,,,,
64,286,3/31/2019,Too old,,,,,,,
64,287,4/1/2019,Too small,,,,,,,
65,288,4/1/2019,I do not like them anynmore,,,,,,,
65,289,4/1/2019,Too Small,,,,,,,
65,290,4/1/2019,Too Small,,,,,,,
66,291,4/1/2019,I have too many clothes,,,,,,,
66,292,4/1/2019,I have too many clothes,,,,,,,
66,293,4/2/2019,I no longer want these,,,,,,,
66,294,4/3/2019,I no longer want these,,,,,,,
67,295,4/3/2019,No longer my style,,,,,,,
67,296,4/3/2019,No longer my style,,,,,,,
67,297,4/3/2019,I don't like the color,,,,,,,
68,298,4/4/2019,Too big for me now,,,,,,,
68,299,4/5/2019,Clothing no longer fits,,,,,,,
68,300,4/6/2019,Clothing no longer fits,,,,,,,
68,301,4/6/2019,Sizes no longer fit,,,,,,,
68,302,4/6/2019,No longer my style,,,,,,,
68,303,4/6/2019,Too small,,,,,,,
69,304,4/6/2019,Have too many pairs,,,,,,,
69,305,4/7/2019,Not my stlye,,,,,,,
69,306,4/7/2019,Not my stlye,,,,,,,
69,307,4/7/2019,I have too many shirts,,,,,,,
70,308,4/7/2019,I am not a fan of vests,,,,,,,
70,309,4/8/2019,Old clothes,,,,,,,
70,310,4/8/2019,Not a fan of red shoes,,,,,,,
71,311,4/9/2019,Got new black shoes for Halloween,,,,,,,
71,312,4/9/2019,Got new stomper boots,,,,,,,
71,313,4/9/2019,Too cold to wear in winter,,,,,,,
72,314,4/9/2019,Got for christmas and didn't like,,,,,,,
72,315,4/10/2019,Too big for me,,,,,,,
72,316,4/10/2019,Too old,,,,,,,
72,317,4/10/2019,Too small,,,,,,,
73,318,4/10/2019,I do not like them anynmore,,,,,,,
73,319,4/12/2019,Too Small,,,,,,,
74,320,4/12/2019,Too Small,,,,,,,
74,321,4/12/2019,I have too many clothes,,,,,,,
74,322,4/12/2019,I have too many clothes,,,,,,,
74,323,4/13/2019,I no longer want these,,,,,,,
75,324,4/13/2019,I no longer want these,,,,,,,
75,325,4/13/2019,No longer my style,,,,,,,
75,326,4/14/2019,No longer my style,,,,,,,
75,327,4/14/2019,I don't like the color,,,,,,,
76,328,4/15/2019,Too big for me now,,,,,,,
76,329,4/15/2019,Clothing no longer fits,,,,,,,
76,330,4/15/2019,Clothing no longer fits,,,,,,,
76,331,4/15/2019,Sizes no longer fit,,,,,,,
77,332,4/15/2019,No longer my style,,,,,,,
77,333,4/16/2019,Too small,,,,,,,
78,334,4/16/2019,Have too many pairs,,,,,,,
78,335,4/16/2019,Not my stlye,,,,,,,
78,336,4/16/2019,Not my stlye,,,,,,,
78,337,4/16/2019,I have too many shirts,,,,,,,
80,338,4/16/2019,I am not a fan of vests,,,,,,,
80,339,4/16/2019,Old clothes,,,,,,,
80,340,4/17/2019,Not a fan of red shoes,,,,,,,
80,341,4/17/2019,Got new black shoes for Halloween,,,,,,,
80,342,4/17/2019,Got new stomper boots,,,,,,,
80,343,4/17/2019,Too cold to wear in winter,,,,,,,
80,344,4/18/2019,Got for christmas and didn't like,,,,,,,
81,345,4/19/2019,Too big for me,,,,,,,
81,346,4/19/2019,Too old,,,,,,,
82,347,4/19/2019,Too small,,,,,,,
82,348,4/19/2019,I do not like them anynmore,,,,,,,
82,349,4/20/2019,Too Small,,,,,,,
82,350,4/21/2019,Too Small,,,,,,,
82,351,4/21/2019,I have too many clothes,,,,,,,
82,352,4/21/2019,I have too many clothes,,,,,,,
82,353,4/21/2019,I no longer want these,,,,,,,
82,354,4/21/2019,I no longer want these,,,,,,,
82,355,4/21/2019,No longer my style,,,,,,,
82,356,4/22/2019,No longer my style,,,,,,,
83,357,4/23/2019,I don't like the color,,,,,,,
83,358,4/23/2019,Too big for me now,,,,,,,
83,359,4/23/2019,Clothing no longer fits,,,,,,,
83,360,4/24/2019,Clothing no longer fits,,,,,,,
83,361,4/24/2019,Sizes no longer fit,,,,,,,
83,362,4/24/2019,No longer my style,,,,,,,
83,363,4/25/2019,Too small,,,,,,,
83,364,4/25/2019,Have too many pairs,,,,,,,
84,365,4/25/2019,Not my stlye,,,,,,,
84,366,4/25/2019,Not my stlye,,,,,,,
84,367,4/26/2019,I have too many shirts,,,,,,,
84,368,4/26/2019,I am not a fan of vests,,,,,,,
85,369,4/26/2019,Old clothes,,,,,,,
85,370,4/26/2019,Not a fan of red shoes,,,,,,,
85,371,4/27/2019,Got new black shoes for Halloween,,,,,,,
85,372,4/27/2019,Got new stomper boots,,,,,,,
85,373,4/28/2019,Too cold to wear in winter,,,,,,,
85,374,4/28/2019,Got for christmas and didn't like,,,,,,,
85,375,4/28/2019,Too big for me,,,,,,,
86,376,4/28/2019,Too old,,,,,,,
86,377,4/28/2019,Too small,,,,,,,
86,378,4/29/2019,I do not like them anynmore,,,,,,,
86,379,4/29/2019,Too Small,,,,,,,
87,380,4/30/2019,Too Small,,,,,,,
87,381,5/1/2019,I have too many clothes,,,,,,,
87,382,5/1/2019,I have too many clothes,,,,,,,
88,383,5/1/2019,I no longer want these,,,,,,,
88,384,5/1/2019,I no longer want these,,,,,,,
88,385,5/2/2019,No longer my style,,,,,,,
88,386,5/2/2019,No longer my style,,,,,,,
88,387,5/2/2019,I don't like the color,,,,,,,
88,388,5/2/2019,Too big for me now,,,,,,,
88,389,5/3/2019,Clothing no longer fits,,,,,,,
89,390,5/4/2019,Clothing no longer fits,,,,,,,
89,391,5/4/2019,Sizes no longer fit,,,,,,,
89,392,5/4/2019,No longer my style,,,,,,,
89,393,5/4/2019,Too small,,,,,,,
90,394,5/5/2019,Have too many pairs,,,,,,,
90,395,5/5/2019,Not my stlye,,,,,,,
90,396,5/6/2019,Not my stlye,,,,,,,
90,397,5/6/2019,I have too many shirts,,,,,,,
90,398,5/6/2019,I am not a fan of vests,,,,,,,
90,399,5/7/2019,Old clothes,,,,,,,
90,400,5/7/2019,Not a fan of red shoes,,,,,,,
91,401,5/7/2019,Got new black shoes for Halloween,,,,,,,
91,402,5/7/2019,Got new stomper boots,,,,,,,
91,403,5/7/2019,Too cold to wear in winter,,,,,,,
91,404,5/7/2019,Got for christmas and didn't like,,,,,,,
91,405,5/7/2019,Too big for me,,,,,,,
91,406,5/7/2019,Too old,,,,,,,
91,407,5/8/2019,Too small,,,,,,,
92,408,5/8/2019,I do not like them anynmore,,,,,,,
92,409,5/8/2019,Too Small,,,,,,,
92,410,5/9/2019,Too Small,,,,,,,
92,411,5/9/2019,I have too many clothes,,,,,,,
92,412,5/10/2019,I have too many clothes,,,,,,,
92,413,5/10/2019,I no longer want these,,,,,,,
93,414,5/11/2019,I no longer want these,,,,,,,
93,415,5/11/2019,No longer my style,,,,,,,
93,416,5/12/2019,No longer my style,,,,,,,
93,417,5/12/2019,I don't like the color,,,,,,,
94,418,5/12/2019,Too big for me now,,,,,,,
94,419,5/13/2019,Clothing no longer fits,,,,,,,
95,420,5/14/2019,Clothing no longer fits,,,,,,,
95,421,5/14/2019,Sizes no longer fit,,,,,,,
95,422,5/15/2019,No longer my style,,,,,,,
95,423,5/15/2019,Too small,,,,,,,
96,424,5/15/2019,Have too many pairs,,,,,,,
96,425,5/16/2019,Not my stlye,,,,,,,
96,426,5/16/2019,Not my stlye,,,,,,,
97,427,5/16/2019,I have too many shirts,,,,,,,
97,428,5/16/2019,I am not a fan of vests,,,,,,,
97,429,5/16/2019,Old clothes,,,,,,,
97,430,5/17/2019,Not a fan of red shoes,,,,,,,
98,431,5/17/2019,Got new black shoes for Halloween,,,,,,,
98,432,5/18/2019,Got new stomper boots,,,,,,,
98,433,5/18/2019,Too cold to wear in winter,,,,,,,
99,434,5/19/2019,Got for christmas and didn't like,,,,,,,
99,435,5/19/2019,Too big for me,,,,,,,
99,436,5/19/2019,Too old,,,,,,,
99,437,5/19/2019,Too small,,,,,,,
99,438,5/19/2019,I do not like them anynmore,,,,,,,
99,439,5/19/2019,Too Small,,,,,,,
99,440,5/20/2019,Too Small,,,,,,,
100,441,5/20/2019,I have too many clothes,,,,,,,
100,442,5/20/2019,I have too many clothes,,,,,,,
100,443,5/20/2019,I no longer want these,,,,,,,
100,444,5/21/2019,I no longer want these,,,,,,,
100,445,5/22/2019,No longer my style,,,,,,,
100,446,5/22/2019,No longer my style,,,,,,,
100,447,5/22/2019,I don't like the color,,,,,,,
102,448,5/22/2019,Too big for me now,,,,,,,
103,449,5/23/2019,Clothing no longer fits,,,,,,,
103,450,5/23/2019,Clothing no longer fits,,,,,,,
104,451,5/24/2019,Sizes no longer fit,,,,,,,
104,452,5/24/2019,No longer my style,,,,,,,
104,453,5/25/2019,Too small,,,,,,,
104,454,5/25/2019,Have too many pairs,,,,,,,
104,455,5/26/2019,Not my stlye,,,,,,,
105,456,5/26/2019,Not my stlye,,,,,,,
105,457,5/26/2019,I have too many shirts,,,,,,,
105,458,5/27/2019,I am not a fan of vests,,,,,,,
105,459,5/28/2019,Old clothes,,,,,,,
105,460,5/28/2019,Not a fan of red shoes,,,,,,,
106,461,5/29/2019,Got new black shoes for Halloween,,,,,,,
106,462,5/29/2019,Got new stomper boots,,,,,,,
106,463,5/29/2019,Too cold to wear in winter,,,,,,,
107,464,5/30/2019,Got for christmas and didn't like,,,,,,,
107,465,5/30/2019,Too big for me,,,,,,,
107,466,5/31/2019,Too old,,,,,,,
107,467,5/31/2019,Too small,,,,,,,
107,468,6/1/2019,I do not like them anynmore,,,,,,,
108,469,6/1/2019,Too Small,,,,,,,
108,470,6/1/2019,Too Small,,,,,,,
109,471,6/1/2019,I have too many clothes,,,,,,,
109,472,6/2/2019,I have too many clothes,,,,,,,
109,473,6/2/2019,I no longer want these,,,,,,,
110,474,6/2/2019,I no longer want these,,,,,,,
110,475,6/3/2019,No longer my style,,,,,,,
110,476,6/3/2019,No longer my style,,,,,,,
110,477,6/3/2019,I don't like the color,,,,,,,
110,478,6/3/2019,Too big for me now,,,,,,,
110,479,6/3/2019,Clothing no longer fits,,,,,,,
110,480,6/3/2019,Clothing no longer fits,,,,,,,
110,481,6/3/2019,Sizes no longer fit,,,,,,,
110,482,6/3/2019,No longer my style,,,,,,,
111,483,6/3/2019,Too small,,,,,,,
111,484,6/4/2019,Have too many pairs,,,,,,,
111,485,6/4/2019,Not my stlye,,,,,,,
111,486,6/4/2019,Not my stlye,,,,,,,
112,487,6/4/2019,I have too many shirts,,,,,,,
112,488,6/5/2019,I am not a fan of vests,,,,,,,
113,489,6/5/2019,Old clothes,,,,,,,
113,490,6/5/2019,Not a fan of red shoes,,,,,,,
113,491,6/6/2019,Got new black shoes for Halloween,,,,,,,
113,492,6/6/2019,Got new stomper boots,,,,,,,
113,493,6/6/2019,Too cold to wear in winter,,,,,,,
114,494,6/7/2019,Got for christmas and didn't like,,,,,,,
114,495,6/7/2019,Too big for me,,,,,,,
114,496,6/9/2019,Too old,,,,,,,
114,497,6/10/2019,Too small,,,,,,,
115,498,6/10/2019,I do not like them anynmore,,,,,,,
115,499,6/10/2019,Too Small,,,,,,,
116,500,6/10/2019,Too Small,,,,,,,
116,501,6/10/2019,I have too many clothes,,,,,,,
116,502,6/11/2019,I have too many clothes,,,,,,,
116,503,6/11/2019,I no longer want these,,,,,,,
116,504,6/11/2019,I no longer want these,,,,,,,
117,505,6/11/2019,No longer my style,,,,,,,
117,506,6/11/2019,No longer my style,,,,,,,
117,507,6/12/2019,I don't like the color,,,,,,,
117,508,6/12/2019,Too big for me now,,,,,,,
117,509,6/13/2019,Clothing no longer fits,,,,,,,
117,510,6/13/2019,Clothing no longer fits,,,,,,,
118,511,6/14/2019,Sizes no longer fit,,,,,,,
118,512,6/14/2019,No longer my style,,,,,,,
118,513,6/14/2019,Too small,,,,,,,
118,514,6/14/2019,Have too many pairs,,,,,,,
119,515,6/14/2019,Not my stlye,,,,,,,
119,516,6/15/2019,Not my stlye,,,,,,,
119,517,6/15/2019,I have too many shirts,,,,,,,
119,518,6/15/2019,I am not a fan of vests,,,,,,,
119,519,6/15/2019,Old clothes,,,,,,,
120,520,6/15/2019,Not a fan of red shoes,,,,,,,
120,521,6/15/2019,Got new black shoes for Halloween,,,,,,,
120,522,6/15/2019,Got new stomper boots,,,,,,,
120,523,6/16/2019,Too cold to wear in winter,,,,,,,
120,524,6/16/2019,Got for christmas and didn't like,,,,,,,
121,525,6/16/2019,Too big for me,,,,,,,
121,526,6/17/2019,Too old,,,,,,,
121,527,6/17/2019,Too small,,,,,,,
121,528,6/18/2019,I do not like them anynmore,,,,,,,
122,529,6/18/2019,Too Small,,,,,,,
122,530,6/18/2019,Too Small,,,,,,,
122,531,6/18/2019,I have too many clothes,,,,,,,
122,532,6/18/2019,I have too many clothes,,,,,,,
122,533,6/19/2019,I no longer want these,,,,,,,
122,534,6/19/2019,I no longer want these,,,,,,,
123,535,6/19/2019,No longer my style,,,,,,,
124,536,6/19/2019,No longer my style,,,,,,,
124,537,6/19/2019,I don't like the color,,,,,,,
124,538,6/19/2019,Too big for me now,,,,,,,
124,539,6/19/2019,Clothing no longer fits,,,,,,,
124,540,6/19/2019,Clothing no longer fits,,,,,,,
125,541,6/20/2019,Sizes no longer fit,,,,,,,
125,542,6/20/2019,No longer my style,,,,,,,
126,543,6/20/2019,Too small,,,,,,,
126,544,6/21/2019,Have too many pairs,,,,,,,
126,545,6/21/2019,Not my stlye,,,,,,,
127,546,6/21/2019,Not my stlye,,,,,,,
127,547,6/21/2019,I have too many shirts,,,,,,,
127,548,6/21/2019,I am not a fan of vests,,,,,,,
127,549,6/22/2019,Old clothes,,,,,,,
127,550,6/22/2019,Not a fan of red shoes,,,,,,,
128,551,6/22/2019,Got new black shoes for Halloween,,,,,,,
129,552,6/22/2019,Got new stomper boots,,,,,,,
129,553,6/22/2019,Too cold to wear in winter,,,,,,,
130,554,6/23/2019,Got for christmas and didn't like,,,,,,,
130,555,6/23/2019,Too big for me,,,,,,,
130,556,6/23/2019,Too old,,,,,,,
130,557,6/23/2019,Too small,,,,,,,
131,558,6/23/2019,I do not like them anynmore,,,,,,,
131,559,6/24/2019,Too Small,,,,,,,
131,560,6/24/2019,Too Small,,,,,,,
131,561,6/25/2019,I have too many clothes,,,,,,,
131,562,6/25/2019,I have too many clothes,,,,,,,
132,563,6/25/2019,I no longer want these,,,,,,,
132,564,6/25/2019,I no longer want these,,,,,,,
132,565,6/27/2019,No longer my style,,,,,,,
132,566,6/27/2019,No longer my style,,,,,,,
132,567,6/28/2019,I don't like the color,,,,,,,
133,568,6/29/2019,Too big for me now,,,,,,,
133,569,6/29/2019,Clothing no longer fits,,,,,,,
133,570,6/29/2019,Clothing no longer fits,,,,,,,
133,571,6/29/2019,Sizes no longer fit,,,,,,,
133,572,6/29/2019,No longer my style,,,,,,,
133,573,6/29/2019,Too small,,,,,,,
134,574,6/29/2019,Have too many pairs,,,,,,,
134,575,6/30/2019,Not my stlye,,,,,,,
134,576,6/30/2019,Not my stlye,,,,,,,
135,577,6/30/2019,I have too many shirts,,,,,,,
135,578,6/30/2019,I am not a fan of vests,,,,,,,
135,579,7/1/2019,Old clothes,,,,,,,
136,580,7/1/2019,Not a fan of red shoes,,,,,,,
136,581,7/1/2019,Got new black shoes for Halloween,,,,,,,
136,582,7/1/2019,Got new stomper boots,,,,,,,
136,583,7/2/2019,Too cold to wear in winter,,,,,,,
136,584,7/2/2019,Got for christmas and didn't like,,,,,,,
136,585,7/2/2019,Too big for me,,,,,,,
137,586,7/2/2019,Too old,,,,,,,
137,587,7/3/2019,Too small,,,,,,,
138,588,7/3/2019,I do not like them anynmore,,,,,,,
138,589,7/3/2019,Too Small,,,,,,,
139,590,7/4/2019,Too Small,,,,,,,
141,591,7/4/2019,I have too many clothes,,,,,,,
141,592,7/4/2019,I have too many clothes,,,,,,,
141,593,7/4/2019,I no longer want these,,,,,,,
142,594,7/5/2019,I no longer want these,,,,,,,
142,595,7/6/2019,No longer my style,,,,,,,
142,596,7/6/2019,No longer my style,,,,,,,
142,597,7/6/2019,I don't like the color,,,,,,,
142,598,7/6/2019,Too big for me now,,,,,,,
142,599,7/6/2019,Clothing no longer fits,,,,,,,
142,600,7/7/2019,Clothing no longer fits,,,,,,,
142,601,7/7/2019,Sizes no longer fit,,,,,,,
143,602,7/7/2019,No longer my style,,,,,,,
143,603,7/7/2019,Too small,,,,,,,
144,604,7/7/2019,Have too many pairs,,,,,,,
144,605,7/8/2019,Not my stlye,,,,,,,
144,606,7/8/2019,Not my stlye,,,,,,,
145,607,7/8/2019,I have too many shirts,,,,,,,
145,608,7/8/2019,I am not a fan of vests,,,,,,,
146,609,7/9/2019,Old clothes,,,,,,,
146,610,7/9/2019,Not a fan of red shoes,,,,,,,
146,611,7/9/2019,Got new black shoes for Halloween,,,,,,,
146,612,7/10/2019,Got new stomper boots,,,,,,,
146,613,7/10/2019,Too cold to wear in winter,,,,,,,
146,614,7/11/2019,Got for christmas and didn't like,,,,,,,
146,615,7/11/2019,Too big for me,,,,,,,
147,616,7/12/2019,Too old,,,,,,,
147,617,7/12/2019,Too small,,,,,,,
147,618,7/12/2019,I do not like them anynmore,,,,,,,
148,619,7/13/2019,Too Small,,,,,,,
148,620,7/13/2019,Too Small,,,,,,,
148,621,7/13/2019,I have too many clothes,,,,,,,
148,622,7/13/2019,I have too many clothes,,,,,,,
148,623,7/14/2019,I no longer want these,,,,,,,
149,624,7/14/2019,I no longer want these,,,,,,,
149,625,7/15/2019,No longer my style,,,,,,,
149,626,7/15/2019,No longer my style,,,,,,,
149,627,7/16/2019,I don't like the color,,,,,,,
149,628,7/16/2019,Too big for me now,,,,,,,
149,629,7/17/2019,Clothing no longer fits,,,,,,,
149,630,7/17/2019,Clothing no longer fits,,,,,,,
149,631,7/17/2019,Sizes no longer fit,,,,,,,
149,632,7/17/2019,No longer my style,,,,,,,
150,633,7/18/2019,Too small,,,,,,,
150,634,7/18/2019,Have too many pairs,,,,,,,
150,635,7/18/2019,Not my stlye,,,,,,,
151,636,7/18/2019,Not my stlye,,,,,,,
152,637,7/19/2019,I have too many shirts,,,,,,,
152,638,7/20/2019,I am not a fan of vests,,,,,,,
152,639,7/21/2019,Old clothes,,,,,,,
153,640,7/21/2019,Not a fan of red shoes,,,,,,,
153,641,7/22/2019,Got new black shoes for Halloween,,,,,,,
153,642,7/22/2019,Got new stomper boots,,,,,,,
153,643,7/22/2019,Too cold to wear in winter,,,,,,,
153,644,7/23/2019,Got for christmas and didn't like,,,,,,,
153,645,7/23/2019,Too big for me,,,,,,,
153,646,7/23/2019,Too old,,,,,,,
153,647,7/23/2019,Too small,,,,,,,
153,648,7/23/2019,I do not like them anynmore,,,,,,,
154,649,7/23/2019,Too Small,,,,,,,
154,650,7/23/2019,Too Small,,,,,,,
154,651,7/24/2019,I have too many clothes,,,,,,,
154,652,7/24/2019,I have too many clothes,,,,,,,
154,653,7/24/2019,I no longer want these,,,,,,,
154,654,7/25/2019,I no longer want these,,,,,,,
154,655,7/25/2019,No longer my style,,,,,,,
154,656,7/26/2019,No longer my style,,,,,,,
155,657,7/26/2019,I don't like the color,,,,,,,
155,658,7/27/2019,Too big for me now,,,,,,,
155,659,7/27/2019,Clothing no longer fits,,,,,,,
155,660,7/27/2019,Clothing no longer fits,,,,,,,
155,661,7/27/2019,Sizes no longer fit,,,,,,,
156,662,7/28/2019,No longer my style,,,,,,,
157,663,7/28/2019,Too small,,,,,,,
157,664,7/28/2019,Have too many pairs,,,,,,,
157,665,7/28/2019,Not my stlye,,,,,,,
157,666,7/28/2019,Not my stlye,,,,,,,
157,667,7/29/2019,I have too many shirts,,,,,,,
158,668,7/29/2019,I am not a fan of vests,,,,,,,
158,669,7/30/2019,Old clothes,,,,,,,
158,670,7/30/2019,Not a fan of red shoes,,,,,,,
159,671,7/31/2019,Got new black shoes for Halloween,,,,,,,
159,672,7/31/2019,Got new stomper boots,,,,,,,
159,673,7/31/2019,Too cold to wear in winter,,,,,,,
159,674,7/31/2019,Got for christmas and didn't like,,,,,,,
159,675,8/1/2019,Too big for me,,,,,,,
159,676,8/2/2019,Too old,,,,,,,
160,677,8/2/2019,Too small,,,,,,,
160,678,8/2/2019,I do not like them anynmore,,,,,,,
160,679,8/3/2019,Too Small,,,,,,,
160,680,8/3/2019,Too Small,,,,,,,
161,681,8/3/2019,I have too many clothes,,,,,,,
161,682,8/4/2019,I have too many clothes,,,,,,,
161,683,8/4/2019,I no longer want these,,,,,,,
161,684,8/4/2019,I no longer want these,,,,,,,
161,685,8/4/2019,No longer my style,,,,,,,
162,686,8/4/2019,No longer my style,,,,,,,
162,687,8/5/2019,I don't like the color,,,,,,,
163,688,8/5/2019,Too big for me now,,,,,,,
163,689,8/5/2019,Clothing no longer fits,,,,,,,
163,690,8/5/2019,Clothing no longer fits,,,,,,,
163,691,8/5/2019,Sizes no longer fit,,,,,,,
163,692,8/5/2019,No longer my style,,,,,,,
163,693,8/5/2019,Too small,,,,,,,
164,694,8/6/2019,Have too many pairs,,,,,,,
164,695,8/6/2019,Not my stlye,,,,,,,
164,696,8/6/2019,Not my stlye,,,,,,,
164,697,8/6/2019,I have too many shirts,,,,,,,
165,698,8/7/2019,I am not a fan of vests,,,,,,,
166,699,8/7/2019,Old clothes,,,,,,,
166,700,8/7/2019,Not a fan of red shoes,,,,,,,
166,701,8/8/2019,Got new black shoes for Halloween,,,,,,,
166,702,8/8/2019,Got new stomper boots,,,,,,,
167,703,8/8/2019,Too cold to wear in winter,,,,,,,
167,704,8/8/2019,Got for christmas and didn't like,,,,,,,
167,705,8/8/2019,Too big for me,,,,,,,
168,706,8/8/2019,Too old,,,,,,,
168,707,8/9/2019,Too small,,,,,,,
169,708,8/9/2019,I do not like them anynmore,,,,,,,
169,709,8/9/2019,Too Small,,,,,,,
169,710,8/9/2019,Too Small,,,,,,,
170,711,8/9/2019,I have too many clothes,,,,,,,
170,712,8/10/2019,I have too many clothes,,,,,,,
170,713,8/10/2019,I no longer want these,,,,,,,
171,714,8/11/2019,I no longer want these,,,,,,,
171,715,8/11/2019,No longer my style,,,,,,,
171,716,8/12/2019,No longer my style,,,,,,,
171,717,8/12/2019,I don't like the color,,,,,,,
171,718,8/12/2019,Too big for me now,,,,,,,
171,719,8/12/2019,Clothing no longer fits,,,,,,,
172,720,8/12/2019,Clothing no longer fits,,,,,,,
172,721,8/12/2019,Sizes no longer fit,,,,,,,
172,722,8/12/2019,No longer my style,,,,,,,
173,723,8/13/2019,Too small,,,,,,,
173,724,8/13/2019,Have too many pairs,,,,,,,
174,725,8/14/2019,Not my stlye,,,,,,,
174,726,8/14/2019,Not my stlye,,,,,,,
174,727,8/15/2019,I have too many shirts,,,,,,,
174,728,8/15/2019,I am not a fan of vests,,,,,,,
175,729,8/15/2019,Old clothes,,,,,,,
175,730,8/16/2019,Not a fan of red shoes,,,,,,,
175,731,8/16/2019,Got new black shoes for Halloween,,,,,,,
175,732,8/16/2019,Got new stomper boots,,,,,,,
175,733,8/17/2019,Too cold to wear in winter,,,,,,,
175,734,8/17/2019,Got for christmas and didn't like,,,,,,,
176,735,8/18/2019,Too big for me,,,,,,,
176,736,8/18/2019,Too old,,,,,,,
176,737,8/19/2019,Too small,,,,,,,
177,738,8/19/2019,I do not like them anynmore,,,,,,,
177,739,8/19/2019,Too Small,,,,,,,
178,740,8/19/2019,Too Small,,,,,,,
178,741,8/20/2019,I have too many clothes,,,,,,,
179,742,8/21/2019,I have too many clothes,,,,,,,
179,743,8/21/2019,I no longer want these,,,,,,,
179,744,8/21/2019,I no longer want these,,,,,,,
179,745,8/21/2019,No longer my style,,,,,,,
180,746,8/21/2019,No longer my style,,,,,,,
180,747,8/21/2019,I don't like the color,,,,,,,
180,748,8/21/2019,Too big for me now,,,,,,,
180,749,8/22/2019,Clothing no longer fits,,,,,,,
181,750,8/22/2019,Clothing no longer fits,,,,,,,
181,751,8/22/2019,Sizes no longer fit,,,,,,,
181,752,8/22/2019,No longer my style,,,,,,,
182,753,8/22/2019,Too small,,,,,,,
182,754,8/22/2019,Have too many pairs,,,,,,,
182,755,8/22/2019,Not my stlye,,,,,,,
182,756,8/23/2019,Not my stlye,,,,,,,
182,757,8/23/2019,I have too many shirts,,,,,,,
183,758,8/23/2019,I am not a fan of vests,,,,,,,
183,759,8/23/2019,Old clothes,,,,,,,
183,760,8/23/2019,Not a fan of red shoes,,,,,,,
184,761,8/24/2019,Got new black shoes for Halloween,,,,,,,
184,762,8/25/2019,Got new stomper boots,,,,,,,
184,763,8/25/2019,Too cold to wear in winter,,,,,,,
184,764,8/25/2019,Got for christmas and didn't like,,,,,,,
185,765,8/25/2019,Too big for me,,,,,,,
185,766,8/26/2019,Too old,,,,,,,
185,767,8/26/2019,Too small,,,,,,,
185,768,8/26/2019,I do not like them anynmore,,,,,,,
186,769,8/27/2019,Too Small,,,,,,,
186,770,8/27/2019,Too Small,,,,,,,
186,771,8/27/2019,I have too many clothes,,,,,,,
186,772,8/28/2019,I have too many clothes,,,,,,,
186,773,8/28/2019,I no longer want these,,,,,,,
186,774,8/28/2019,I no longer want these,,,,,,,
186,775,8/28/2019,No longer my style,,,,,,,
187,776,8/29/2019,No longer my style,,,,,,,
187,777,8/29/2019,I don't like the color,,,,,,,
187,778,8/29/2019,Too big for me now,,,,,,,
188,779,8/29/2019,Clothing no longer fits,,,,,,,
188,780,8/29/2019,Clothing no longer fits,,,,,,,
188,781,8/30/2019,Sizes no longer fit,,,,,,,
188,782,8/30/2019,No longer my style,,,,,,,
189,783,8/31/2019,Too small,,,,,,,
189,784,8/31/2019,Have too many pairs,,,,,,,
189,785,8/31/2019,Not my stlye,,,,,,,
189,786,9/1/2019,Not my stlye,,,,,,,
189,787,9/1/2019,I have too many shirts,,,,,,,
189,788,9/1/2019,I am not a fan of vests,,,,,,,
190,789,9/2/2019,Old clothes,,,,,,,
190,790,9/2/2019,Not a fan of red shoes,,,,,,,
190,791,9/2/2019,Got new black shoes for Halloween,,,,,,,
191,792,9/3/2019,Got new stomper boots,,,,,,,
191,793,9/3/2019,Too cold to wear in winter,,,,,,,
191,794,9/3/2019,Got for christmas and didn't like,,,,,,,
191,795,9/3/2019,Too big for me,,,,,,,
192,796,9/3/2019,Too old,,,,,,,
192,797,9/4/2019,Too small,,,,,,,
192,798,9/4/2019,I do not like them anynmore,,,,,,,
193,799,9/4/2019,Too Small,,,,,,,
193,800,9/5/2019,Too Small,,,,,,,
193,801,9/5/2019,I have too many clothes,,,,,,,
193,802,9/5/2019,I have too many clothes,,,,,,,
193,803,9/5/2019,I no longer want these,,,,,,,
194,804,9/6/2019,I no longer want these,,,,,,,
194,805,9/6/2019,No longer my style,,,,,,,
194,806,9/6/2019,No longer my style,,,,,,,
194,807,9/6/2019,I don't like the color,,,,,,,
194,808,9/6/2019,Too big for me now,,,,,,,
194,809,9/7/2019,Clothing no longer fits,,,,,,,
195,810,9/7/2019,Clothing no longer fits,,,,,,,
195,811,9/7/2019,Sizes no longer fit,,,,,,,
195,812,9/7/2019,No longer my style,,,,,,,
195,813,9/8/2019,Too small,,,,,,,
196,814,9/8/2019,Have too many pairs,,,,,,,
196,815,9/8/2019,Not my stlye,,,,,,,
196,816,9/9/2019,Not my stlye,,,,,,,
196,817,9/9/2019,I have too many shirts,,,,,,,
197,818,9/9/2019,I am not a fan of vests,,,,,,,
197,819,9/9/2019,Old clothes,,,,,,,
197,820,9/9/2019,Not a fan of red shoes,,,,,,,
198,821,9/9/2019,Got new black shoes for Halloween,,,,,,,
199,822,9/10/2019,Got new stomper boots,,,,,,,
200,823,9/10/2019,Too cold to wear in winter,,,,,,,
200,824,9/10/2019,Got for christmas and didn't like,,,,,,,
201,825,9/10/2019,Too big for me,,,,,,,
201,826,9/10/2019,Too old,,,,,,,
202,827,9/10/2019,Too small,,,,,,,
202,828,9/11/2019,I do not like them anynmore,,,,,,,
202,829,9/11/2019,Too Small,,,,,,,
202,830,9/11/2019,Too Small,,,,,,,
203,831,9/11/2019,I have too many clothes,,,,,,,
203,832,9/12/2019,I have too many clothes,,,,,,,
203,833,9/12/2019,I no longer want these,,,,,,,
204,834,9/12/2019,I no longer want these,,,,,,,
204,835,9/12/2019,No longer my style,,,,,,,
204,836,9/13/2019,No longer my style,,,,,,,
204,837,9/13/2019,I don't like the color,,,,,,,
205,838,9/14/2019,Too big for me now,,,,,,,
205,839,9/14/2019,Clothing no longer fits,,,,,,,
205,840,9/15/2019,Clothing no longer fits,,,,,,,
206,841,9/15/2019,Sizes no longer fit,,,,,,,
206,842,9/16/2019,No longer my style,,,,,,,
207,843,9/16/2019,Too small,,,,,,,
207,844,9/16/2019,Have too many pairs,,,,,,,
208,845,9/16/2019,Not my stlye,,,,,,,
208,846,9/16/2019,Not my stlye,,,,,,,
208,847,9/17/2019,I have too many shirts,,,,,,,
208,848,9/17/2019,I am not a fan of vests,,,,,,,
208,849,9/17/2019,Old clothes,,,,,,,
209,850,9/17/2019,Not a fan of red shoes,,,,,,,
209,851,9/17/2019,Got new black shoes for Halloween,,,,,,,
209,852,9/18/2019,Got new stomper boots,,,,,,,
210,853,9/18/2019,Too cold to wear in winter,,,,,,,
210,854,9/18/2019,Got for christmas and didn't like,,,,,,,
210,855,9/19/2019,Too big for me,,,,,,,
210,856,9/19/2019,Too old,,,,,,,
210,857,9/19/2019,Too small,,,,,,,
210,858,9/20/2019,I do not like them anynmore,,,,,,,
210,859,9/20/2019,Too Small,,,,,,,
211,860,9/20/2019,Too Small,,,,,,,
211,861,9/20/2019,I have too many clothes,,,,,,,
211,862,9/21/2019,I have too many clothes,,,,,,,
211,863,9/21/2019,I no longer want these,,,,,,,
211,864,9/21/2019,I no longer want these,,,,,,,
212,865,9/21/2019,No longer my style,,,,,,,
212,866,9/21/2019,No longer my style,,,,,,,
212,867,9/21/2019,I don't like the color,,,,,,,
212,868,9/21/2019,Too big for me now,,,,,,,
212,869,9/22/2019,Clothing no longer fits,,,,,,,
213,870,9/22/2019,Clothing no longer fits,,,,,,,
213,871,9/23/2019,Sizes no longer fit,,,,,,,
214,872,9/23/2019,No longer my style,,,,,,,
214,873,9/23/2019,Too small,,,,,,,
214,874,9/23/2019,Have too many pairs,,,,,,,
215,875,9/24/2019,Not my stlye,,,,,,,
215,876,9/25/2019,Not my stlye,,,,,,,
215,877,9/25/2019,I have too many shirts,,,,,,,
215,878,9/26/2019,I am not a fan of vests,,,,,,,
216,879,9/26/2019,Old clothes,,,,,,,
216,880,9/26/2019,Not a fan of red shoes,,,,,,,
216,881,9/27/2019,Got new black shoes for Halloween,,,,,,,
217,882,9/27/2019,Got new stomper boots,,,,,,,
217,883,9/28/2019,Too cold to wear in winter,,,,,,,
217,884,9/28/2019,Got for christmas and didn't like,,,,,,,
217,885,9/28/2019,Too big for me,,,,,,,
217,886,9/28/2019,Too old,,,,,,,
217,887,9/29/2019,Too small,,,,,,,
217,888,9/29/2019,I do not like them anynmore,,,,,,,
217,889,9/29/2019,Too Small,,,,,,,
217,890,9/30/2019,Too Small,,,,,,,
217,891,9/30/2019,I have too many clothes,,,,,,,
217,892,10/1/2019,I have too many clothes,,,,,,,
218,893,10/1/2019,I no longer want these,,,,,,,
218,894,10/1/2019,I no longer want these,,,,,,,
218,895,10/1/2019,No longer my style,,,,,,,
218,896,10/2/2019,No longer my style,,,,,,,
218,897,10/3/2019,I don't like the color,,,,,,,
218,898,10/3/2019,Too big for me now,,,,,,,
218,899,10/4/2019,Clothing no longer fits,,,,,,,
218,900,10/4/2019,Clothing no longer fits,,,,,,,
219,901,10/4/2019,Sizes no longer fit,,,,,,,
219,902,10/4/2019,No longer my style,,,,,,,
219,903,10/5/2019,Too small,,,,,,,
219,904,10/6/2019,Have too many pairs,,,,,,,
219,905,10/7/2019,Not my stlye,,,,,,,
219,906,10/7/2019,Not my stlye,,,,,,,
219,907,10/7/2019,I have too many shirts,,,,,,,
219,908,10/7/2019,I am not a fan of vests,,,,,,,
219,909,10/8/2019,Old clothes,,,,,,,
220,910,10/8/2019,Not a fan of red shoes,,,,,,,
220,911,10/8/2019,Got new black shoes for Halloween,,,,,,,
220,912,10/9/2019,Got new stomper boots,,,,,,,
220,913,10/9/2019,Too cold to wear in winter,,,,,,,
221,914,10/9/2019,Got for christmas and didn't like,,,,,,,
221,915,10/10/2019,Too big for me,,,,,,,
221,916,10/10/2019,Too old,,,,,,,
221,917,10/11/2019,Too small,,,,,,,
221,918,10/12/2019,I do not like them anynmore,,,,,,,
221,919,10/12/2019,Too Small,,,,,,,
221,920,10/12/2019,Too Small,,,,,,,
222,921,10/12/2019,I have too many clothes,,,,,,,
222,922,10/13/2019,I have too many clothes,,,,,,,
222,923,10/13/2019,I no longer want these,,,,,,,
222,924,10/14/2019,I no longer want these,,,,,,,
222,925,10/14/2019,No longer my style,,,,,,,
222,926,10/14/2019,No longer my style,,,,,,,
222,927,10/15/2019,I don't like the color,,,,,,,
223,928,10/15/2019,Too big for me now,,,,,,,
223,929,10/16/2019,Clothing no longer fits,,,,,,,
224,930,10/17/2019,Clothing no longer fits,,,,,,,
224,931,10/17/2019,Sizes no longer fit,,,,,,,
225,932,10/18/2019,No longer my style,,,,,,,
225,933,10/18/2019,Too small,,,,,,,
225,934,10/19/2019,Have too many pairs,,,,,,,
225,935,10/19/2019,Not my stlye,,,,,,,
225,936,10/20/2019,Not my stlye,,,,,,,
225,937,10/20/2019,I have too many shirts,,,,,,,
226,938,10/21/2019,I am not a fan of vests,,,,,,,
226,939,10/21/2019,Old clothes,,,,,,,
226,940,10/21/2019,Not a fan of red shoes,,,,,,,
226,941,10/21/2019,Got new black shoes for Halloween,,,,,,,
227,942,10/22/2019,Got new stomper boots,,,,,,,
228,943,10/22/2019,Too cold to wear in winter,,,,,,,
228,944,10/22/2019,Got for christmas and didn't like,,,,,,,
228,945,10/22/2019,Too big for me,,,,,,,
229,946,10/23/2019,Too old,,,,,,,
229,947,10/23/2019,Too small,,,,,,,
229,948,10/23/2019,I do not like them anynmore,,,,,,,
229,949,10/23/2019,Too Small,,,,,,,
229,950,10/23/2019,Too Small,,,,,,,
230,951,10/24/2019,I have too many clothes,,,,,,,
230,952,10/24/2019,I have too many clothes,,,,,,,
230,953,10/24/2019,I no longer want these,,,,,,,
230,954,10/24/2019,I no longer want these,,,,,,,
230,955,10/25/2019,No longer my style,,,,,,,
231,956,10/25/2019,No longer my style,,,,,,,
232,957,10/26/2019,I don't like the color,,,,,,,
232,958,10/26/2019,Too big for me now,,,,,,,
232,959,10/27/2019,Clothing no longer fits,,,,,,,
232,960,10/27/2019,Clothing no longer fits,,,,,,,
232,961,10/27/2019,Sizes no longer fit,,,,,,,
232,962,10/28/2019,No longer my style,,,,,,,
232,963,10/28/2019,Too small,,,,,,,
233,964,10/30/2019,Have too many pairs,,,,,,,
233,965,10/30/2019,Not my stlye,,,,,,,
233,966,10/30/2019,Not my stlye,,,,,,,
233,967,10/30/2019,I have too many shirts,,,,,,,
233,968,11/1/2019,I am not a fan of vests,,,,,,,
233,969,11/1/2019,Old clothes,,,,,,,
234,970,11/1/2019,Not a fan of red shoes,,,,,,,
234,971,11/2/2019,Got new black shoes for Halloween,,,,,,,
234,972,11/2/2019,Got new stomper boots,,,,,,,
234,973,11/3/2019,Too cold to wear in winter,,,,,,,
234,974,11/3/2019,Got for christmas and didn't like,,,,,,,
235,975,11/3/2019,Too big for me,,,,,,,
235,976,11/4/2019,Too old,,,,,,,
235,977,11/4/2019,Too small,,,,,,,
235,978,11/4/2019,I do not like them anynmore,,,,,,,
235,979,11/5/2019,Too Small,,,,,,,
235,980,11/5/2019,Too Small,,,,,,,
235,981,11/5/2019,I have too many clothes,,,,,,,
235,982,11/5/2019,I have too many clothes,,,,,,,
237,983,11/6/2019,I no longer want these,,,,,,,
237,984,11/6/2019,I no longer want these,,,,,,,
237,985,11/7/2019,No longer my style,,,,,,,
237,986,11/8/2019,No longer my style,,,,,,,
237,987,11/8/2019,I don't like the color,,,,,,,
237,988,11/9/2019,Too big for me now,,,,,,,
237,989,11/9/2019,Clothing no longer fits,,,,,,,
239,990,11/9/2019,Clothing no longer fits,,,,,,,
239,991,11/10/2019,Sizes no longer fit,,,,,,,
239,992,11/10/2019,No longer my style,,,,,,,
240,993,11/10/2019,Too small,,,,,,,
240,994,11/11/2019,Have too many pairs,,,,,,,
240,995,11/11/2019,Not my stlye,,,,,,,
241,996,11/12/2019,Not my stlye,,,,,,,
241,997,11/13/2019,I have too many shirts,,,,,,,
241,998,11/13/2019,I am not a fan of vests,,,,,,,
241,999,11/13/2019,Old clothes,,,,,,,
241,1000,11/13/2019,Not a fan of red shoes,,,,,,,
241,1001,11/13/2019,Got new black shoes for Halloween,,,,,,,
241,1002,11/14/2019,Got new stomper boots,,,,,,,
241,1003,11/14/2019,Too cold to wear in winter,,,,,,,
241,1004,11/14/2019,Got for christmas and didn't like,,,,,,,
242,1005,11/15/2019,Too big for me,,,,,,,
242,1006,11/15/2019,Too old,,,,,,,
242,1007,11/15/2019,Too small,,,,,,,
242,1008,11/15/2019,I do not like them anynmore,,,,,,,
242,1009,11/15/2019,Too Small,,,,,,,
243,1010,11/16/2019,Too Small,,,,,,,
243,1011,11/16/2019,I have too many clothes,,,,,,,
243,1012,11/16/2019,I have too many clothes,,,,,,,
243,1013,11/16/2019,I no longer want these,,,,,,,
243,1014,11/17/2019,I no longer want these,,,,,,,
244,1015,11/17/2019,No longer my style,,,,,,,
244,1016,11/18/2019,No longer my style,,,,,,,
244,1017,11/18/2019,I don't like the color,,,,,,,
244,1018,11/18/2019,Too big for me now,,,,,,,
244,1019,11/18/2019,Clothing no longer fits,,,,,,,
245,1020,11/18/2019,Clothing no longer fits,,,,,,,
245,1021,11/19/2019,Sizes no longer fit,,,,,,,
245,1022,11/19/2019,No longer my style,,,,,,,
246,1023,11/20/2019,Too small,,,,,,,
246,1024,11/20/2019,Have too many pairs,,,,,,,
246,1025,11/20/2019,Not my stlye,,,,,,,
246,1026,11/21/2019,Not my stlye,,,,,,,
246,1027,11/21/2019,I have too many shirts,,,,,,,
247,1028,11/21/2019,I am not a fan of vests,,,,,,,
247,1029,11/21/2019,Old clothes,,,,,,,
247,1030,11/21/2019,Not a fan of red shoes,,,,,,,
248,1031,11/22/2019,Got new black shoes for Halloween,,,,,,,
248,1032,11/22/2019,Got new stomper boots,,,,,,,
249,1033,11/22/2019,Too cold to wear in winter,,,,,,,
249,1034,11/23/2019,Got for christmas and didn't like,,,,,,,
250,1035,11/23/2019,Too big for me,,,,,,,
250,1036,11/24/2019,Too old,,,,,,,
250,1037,11/24/2019,Too small,,,,,,,
250,1038,11/25/2019,I do not like them anynmore,,,,,,,
250,1039,11/25/2019,Too Small,,,,,,,
250,1040,11/26/2019,Too Small,,,,,,,
251,1041,11/26/2019,I have too many clothes,,,,,,,
251,1042,11/26/2019,I have too many clothes,,,,,,,
252,1043,11/27/2019,I no longer want these,,,,,,,
252,1044,11/27/2019,I no longer want these,,,,,,,
252,1045,11/27/2019,No longer my style,,,,,,,
252,1046,11/28/2019,No longer my style,,,,,,,
252,1047,11/28/2019,I don't like the color,,,,,,,
253,1048,11/28/2019,Too big for me now,,,,,,,
253,1049,11/28/2019,Clothing no longer fits,,,,,,,
253,1050,11/28/2019,Clothing no longer fits,,,,,,,
253,1051,11/30/2019,Sizes no longer fit,,,,,,,
253,1052,11/30/2019,No longer my style,,,,,,,
253,1053,11/30/2019,Too small,,,,,,,
254,1054,12/1/2019,Have too many pairs,,,,,,,
254,1055,12/1/2019,Not my stlye,,,,,,,
254,1056,12/1/2019,Not my stlye,,,,,,,
254,1057,12/1/2019,I have too many shirts,,,,,,,
254,1058,12/1/2019,I am not a fan of vests,,,,,,,
255,1059,12/2/2019,Old clothes,,,,,,,
255,1060,12/3/2019,Not a fan of red shoes,,,,,,,
255,1061,12/3/2019,Got new black shoes for Halloween,,,,,,,
255,1062,12/4/2019,Got new stomper boots,,,,,,,
256,1063,12/5/2019,Too cold to wear in winter,,,,,,,
256,1064,12/5/2019,Got for christmas and didn't like,,,,,,,
257,1065,12/5/2019,Too big for me,,,,,,,
257,1066,12/6/2019,Too old,,,,,,,
257,1067,12/6/2019,Too small,,,,,,,
257,1068,12/7/2019,I do not like them anynmore,,,,,,,
257,1069,12/7/2019,Too Small,,,,,,,
257,1070,12/7/2019,Too Small,,,,,,,
257,1071,12/7/2019,I have too many clothes,,,,,,,
258,1072,12/8/2019,I have too many clothes,,,,,,,
258,1073,12/9/2019,I no longer want these,,,,,,,
258,1074,12/9/2019,I no longer want these,,,,,,,
258,1075,12/9/2019,No longer my style,,,,,,,
258,1076,12/9/2019,No longer my style,,,,,,,
259,1077,12/9/2019,I don't like the color,,,,,,,
259,1078,12/10/2019,Too big for me now,,,,,,,
259,1079,12/11/2019,Clothing no longer fits,,,,,,,
259,1080,12/11/2019,Clothing no longer fits,,,,,,,
260,1081,12/11/2019,Sizes no longer fit,,,,,,,
260,1082,12/12/2019,No longer my style,,,,,,,
260,1083,12/13/2019,Too small,,,,,,,
261,1084,12/13/2019,Have too many pairs,,,,,,,
261,1085,12/14/2019,Not my stlye,,,,,,,
261,1086,12/14/2019,Not my stlye,,,,,,,
262,1087,12/14/2019,I have too many shirts,,,,,,,
263,1088,12/14/2019,I am not a fan of vests,,,,,,,
263,1089,12/15/2019,Old clothes,,,,,,,
263,1090,12/15/2019,Not a fan of red shoes,,,,,,,
264,1091,12/16/2019,Got new black shoes for Halloween,,,,,,,
264,1092,12/16/2019,Got new stomper boots,,,,,,,
264,1093,12/16/2019,Too cold to wear in winter,,,,,,,
264,1094,12/17/2019,Got for christmas and didn't like,,,,,,,
265,1095,12/17/2019,Too big for me,,,,,,,
265,1096,12/18/2019,Too old,,,,,,,
265,1097,12/18/2019,Too small,,,,,,,
265,1098,12/19/2019,I do not like them anynmore,,,,,,,
266,1099,12/19/2019,Too Small,,,,,,,
266,1100,12/19/2019,Too Small,,,,,,,
266,1101,12/20/2019,I have too many clothes,,,,,,,
266,1102,12/20/2019,I have too many clothes,,,,,,,
266,1103,12/20/2019,I no longer want these,,,,,,,
266,1104,12/20/2019,I no longer want these,,,,,,,
267,1105,12/21/2019,No longer my style,,,,,,,
267,1106,12/21/2019,No longer my style,,,,,,,
267,1107,12/21/2019,I don't like the color,,,,,,,
267,1108,12/22/2019,Too big for me now,,,,,,,
268,1109,12/22/2019,Clothing no longer fits,,,,,,,
268,1110,12/22/2019,Clothing no longer fits,,,,,,,
268,1111,12/22/2019,Sizes no longer fit,,,,,,,
268,1112,12/23/2019,No longer my style,,,,,,,
269,1113,12/23/2019,Too small,,,,,,,
269,1114,12/24/2019,Have too many pairs,,,,,,,
269,1115,12/24/2019,Not my stlye,,,,,,,
270,1116,12/24/2019,Not my stlye,,,,,,,
270,1117,12/24/2019,I have too many shirts,,,,,,,
270,1118,12/25/2019,I am not a fan of vests,,,,,,,
270,1119,12/25/2019,Old clothes,,,,,,,
270,1120,12/25/2019,Not a fan of red shoes,,,,,,,
270,1121,12/25/2019,Got new black shoes for Halloween,,,,,,,
271,1122,12/26/2019,Got new stomper boots,,,,,,,
271,1123,12/26/2019,Too cold to wear in winter,,,,,,,
272,1124,12/26/2019,Got for christmas and didn't like,,,,,,,
272,1125,12/27/2019,Too big for me,,,,,,,
272,1126,12/27/2019,Too old,,,,,,,
274,1127,12/28/2019,Too small,,,,,,,
274,1128,12/28/2019,I do not like them anynmore,,,,,,,
274,1129,12/28/2019,Too Small,,,,,,,
274,1130,12/29/2019,Too Small,,,,,,,
274,1131,12/29/2019,I have too many clothes,,,,,,,
275,1132,12/29/2019,I have too many clothes,,,,,,,
275,1133,12/30/2019,I no longer want these,,,,,,,
275,1134,12/31/2019,I no longer want these,,,,,,,
275,1135,12/31/2019,No longer my style,,,,,,,
275,1136,1/1/2020,No longer my style,,,,,,,
276,1137,1/1/2020,I don't like the color,,,,,,,
276,1138,1/1/2020,Too big for me now,,,,,,,
276,1139,1/2/2020,Clothing no longer fits,,,,,,,
276,1140,1/2/2020,Clothing no longer fits,,,,,,,
276,1141,1/2/2020,Sizes no longer fit,,,,,,,
277,1142,1/2/2020,No longer my style,,,,,,,
277,1143,1/3/2020,Too small,,,,,,,
277,1144,1/3/2020,Have too many pairs,,,,,,,
277,1145,1/4/2020,Not my stlye,,,,,,,
277,1146,1/4/2020,Not my stlye,,,,,,,
277,1147,1/4/2020,I have too many shirts,,,,,,,
277,1148,1/5/2020,I am not a fan of vests,,,,,,,
279,1149,1/5/2020,Old clothes,,,,,,,
279,1150,1/6/2020,Not a fan of red shoes,,,,,,,
279,1151,1/6/2020,Got new black shoes for Halloween,,,,,,,
280,1152,1/6/2020,Got new stomper boots,,,,,,,
280,1153,1/6/2020,Too cold to wear in winter,,,,,,,
280,1154,1/7/2020,Got for christmas and didn't like,,,,,,,
280,1155,1/7/2020,Too big for me,,,,,,,
280,1156,1/7/2020,Too old,,,,,,,
280,1157,1/8/2020,Too small,,,,,,,
280,1158,1/8/2020,I do not like them anynmore,,,,,,,
280,1159,1/9/2020,Too Small,,,,,,,
281,1160,1/9/2020,Too Small,,,,,,,
281,1161,1/9/2020,I have too many clothes,,,,,,,
281,1162,1/9/2020,I have too many clothes,,,,,,,
281,1163,1/10/2020,I no longer want these,,,,,,,
281,1164,1/11/2020,I no longer want these,,,,,,,
281,1165,1/11/2020,No longer my style,,,,,,,
282,1166,1/11/2020,No longer my style,,,,,,,
282,1167,1/12/2020,I don't like the color,,,,,,,
282,1168,1/12/2020,Too big for me now,,,,,,,
282,1169,1/13/2020,Clothing no longer fits,,,,,,,
283,1170,1/13/2020,Clothing no longer fits,,,,,,,
283,1171,1/13/2020,Sizes no longer fit,,,,,,,
283,1172,1/13/2020,No longer my style,,,,,,,
283,1173,1/13/2020,Too small,,,,,,,
284,1174,1/14/2020,Have too many pairs,,,,,,,
284,1175,1/14/2020,Not my stlye,,,,,,,
284,1176,1/14/2020,Not my stlye,,,,,,,
285,1177,1/14/2020,I have too many shirts,,,,,,,
285,1178,1/15/2020,I am not a fan of vests,,,,,,,
285,1179,1/15/2020,Old clothes,,,,,,,
286,1180,1/15/2020,Not a fan of red shoes,,,,,,,
286,1181,1/15/2020,Got new black shoes for Halloween,,,,,,,
286,1182,1/16/2020,Got new stomper boots,,,,,,,
286,1183,1/16/2020,Too cold to wear in winter,,,,,,,
286,1184,1/16/2020,Got for christmas and didn't like,,,,,,,
287,1185,1/16/2020,Too big for me,,,,,,,
288,1186,1/17/2020,Too old,,,,,,,
288,1187,1/17/2020,Too small,,,,,,,
288,1188,1/17/2020,I do not like them anynmore,,,,,,,
289,1189,1/17/2020,Too Small,,,,,,,
289,1190,1/17/2020,Too Small,,,,,,,
289,1191,1/18/2020,I have too many clothes,,,,,,,
289,1192,1/18/2020,I have too many clothes,,,,,,,
289,1193,1/18/2020,I no longer want these,,,,,,,
289,1194,1/19/2020,I no longer want these,,,,,,,
290,1195,1/19/2020,No longer my style,,,,,,,
290,1196,1/19/2020,No longer my style,,,,,,,
290,1197,1/20/2020,I don't like the color,,,,,,,
290,1198,1/20/2020,Too big for me now,,,,,,,
290,1199,1/21/2020,Clothing no longer fits,,,,,,,
291,1200,1/21/2020,Clothing no longer fits,,,,,,,
291,1201,1/21/2020,Sizes no longer fit,,,,,,,
291,1202,1/21/2020,No longer my style,,,,,,,
291,1203,1/21/2020,Too small,,,,,,,
292,1204,1/22/2020,Have too many pairs,,,,,,,
292,1205,1/23/2020,Not my stlye,,,,,,,
292,1206,1/23/2020,Not my stlye,,,,,,,
292,1207,1/23/2020,I have too many shirts,,,,,,,
292,1208,1/23/2020,I am not a fan of vests,,,,,,,
292,1209,1/23/2020,Old clothes,,,,,,,
293,1210,1/25/2020,Not a fan of red shoes,,,,,,,
293,1211,1/25/2020,Got new black shoes for Halloween,,,,,,,
293,1212,1/25/2020,Got new stomper boots,,,,,,,
294,1213,1/25/2020,Too cold to wear in winter,,,,,,,
294,1214,1/25/2020,Got for christmas and didn't like,,,,,,,
294,1215,1/26/2020,Too big for me,,,,,,,
295,1216,1/26/2020,Too old,,,,,,,
296,1217,1/27/2020,Too small,,,,,,,
297,1218,1/28/2020,I do not like them anynmore,,,,,,,
297,1219,1/28/2020,Too Small,,,,,,,
297,1220,1/28/2020,Too Small,,,,,,,
298,1221,1/28/2020,I have too many clothes,,,,,,,
298,1222,1/28/2020,I have too many clothes,,,,,,,
298,1223,1/28/2020,I no longer want these,,,,,,,
298,1224,1/28/2020,I no longer want these,,,,,,,
299,1225,1/29/2020,No longer my style,,,,,,,
299,1226,1/29/2020,No longer my style,,,,,,,
299,1227,1/29/2020,I don't like the color,,,,,,,
299,1228,1/29/2020,Too big for me now,,,,,,,
300,1229,1/30/2020,Clothing no longer fits,,,,,,,
300,1230,1/30/2020,Clothing no longer fits,,,,,,,
300,1231,1/30/2020,Sizes no longer fit,,,,,,,
300,1232,1/31/2020,No longer my style,,,,,,,
300,1233,1/31/2020,Too small,,,,,,,
301,1234,1/31/2020,Have too many pairs,,,,,,,
301,1235,1/31/2020,Not my stlye,,,,,,,
301,1236,1/31/2020,Not my stlye,,,,,,,
301,1237,1/31/2020,I have too many shirts,,,,,,,
302,1238,2/1/2020,I am not a fan of vests,,,,,,,
302,1239,2/1/2020,Old clothes,,,,,,,
302,1240,2/1/2020,Not a fan of red shoes,,,,,,,
302,1241,2/2/2020,Got new black shoes for Halloween,,,,,,,
302,1242,2/2/2020,Got new stomper boots,,,,,,,
303,1243,2/2/2020,Too cold to wear in winter,,,,,,,
303,1244,2/2/2020,Got for christmas and didn't like,,,,,,,
303,1245,2/2/2020,Too big for me,,,,,,,
303,1246,2/3/2020,Too old,,,,,,,
304,1247,2/3/2020,Too small,,,,,,,
304,1248,2/4/2020,I do not like them anynmore,,,,,,,
304,1249,2/5/2020,Too Small,,,,,,,
304,1250,2/5/2020,Too Small,,,,,,,
304,1251,2/5/2020,I have too many clothes,,,,,,,
305,1252,2/5/2020,I have too many clothes,,,,,,,
305,1253,2/6/2020,I no longer want these,,,,,,,
305,1254,2/6/2020,I no longer want these,,,,,,,
305,1255,2/6/2020,No longer my style,,,,,,,
306,1256,2/6/2020,No longer my style,,,,,,,
306,1257,2/7/2020,I don't like the color,,,,,,,
306,1258,2/7/2020,Too big for me now,,,,,,,
306,1259,2/7/2020,Clothing no longer fits,,,,,,,
306,1260,2/8/2020,Clothing no longer fits,,,,,,,
306,1261,2/9/2020,Sizes no longer fit,,,,,,,
307,1262,2/9/2020,No longer my style,,,,,,,
307,1263,2/10/2020,Too small,,,,,,,
307,1264,2/10/2020,Have too many pairs,,,,,,,
307,1265,2/11/2020,Not my stlye,,,,,,,
307,1266,2/12/2020,Not my stlye,,,,,,,
307,1267,2/12/2020,I have too many shirts,,,,,,,
307,1268,2/13/2020,I am not a fan of vests,,,,,,,
308,1269,2/13/2020,Old clothes,,,,,,,
308,1270,2/13/2020,Not a fan of red shoes,,,,,,,
308,1271,2/13/2020,Got new black shoes for Halloween,,,,,,,
308,1272,2/14/2020,Got new stomper boots,,,,,,,
309,1273,2/14/2020,Too cold to wear in winter,,,,,,,
309,1274,2/14/2020,Got for christmas and didn't like,,,,,,,
309,1275,2/14/2020,Too big for me,,,,,,,
310,1276,2/15/2020,Too old,,,,,,,
310,1277,2/15/2020,Too small,,,,,,,
311,1278,2/15/2020,I do not like them anynmore,,,,,,,
311,1279,2/16/2020,Too Small,,,,,,,
311,1280,2/16/2020,Too Small,,,,,,,
311,1281,2/16/2020,I have too many clothes,,,,,,,
312,1282,2/16/2020,I have too many clothes,,,,,,,
312,1283,2/16/2020,I no longer want these,,,,,,,
312,1284,2/17/2020,I no longer want these,,,,,,,
312,1285,2/17/2020,No longer my style,,,,,,,
312,1286,2/18/2020,No longer my style,,,,,,,
312,1287,2/18/2020,I don't like the color,,,,,,,
312,1288,2/18/2020,Too big for me now,,,,,,,
312,1289,2/18/2020,Clothing no longer fits,,,,,,,
312,1290,2/19/2020,Clothing no longer fits,,,,,,,
312,1291,2/19/2020,Sizes no longer fit,,,,,,,
312,1292,2/19/2020,No longer my style,,,,,,,
312,1293,2/20/2020,Too small,,,,,,,
314,1294,2/20/2020,Have too many pairs,,,,,,,
314,1295,2/20/2020,Not my stlye,,,,,,,
315,1296,2/20/2020,Not my stlye,,,,,,,
315,1297,2/21/2020,I have too many shirts,,,,,,,
315,1298,2/22/2020,I am not a fan of vests,,,,,,,
316,1299,2/22/2020,Old clothes,,,,,,,
316,1300,2/22/2020,Not a fan of red shoes,,,,,,,
316,1301,2/22/2020,Got new black shoes for Halloween,,,,,,,
317,1302,2/22/2020,Got new stomper boots,,,,,,,
317,1303,2/23/2020,Too cold to wear in winter,,,,,,,
317,1304,2/23/2020,Got for christmas and didn't like,,,,,,,
318,1305,2/23/2020,Too big for me,,,,,,,
318,1306,2/23/2020,Too old,,,,,,,
318,1307,2/23/2020,Too small,,,,,,,
318,1308,2/24/2020,I do not like them anynmore,,,,,,,
318,1309,2/24/2020,Too Small,,,,,,,
319,1310,2/24/2020,Too Small,,,,,,,
319,1311,2/25/2020,I have too many clothes,,,,,,,
319,1312,2/25/2020,I have too many clothes,,,,,,,
319,1313,2/25/2020,I no longer want these,,,,,,,
319,1314,2/25/2020,I no longer want these,,,,,,,
320,1315,2/25/2020,No longer my style,,,,,,,
320,1316,2/25/2020,No longer my style,,,,,,,
320,1317,2/26/2020,I don't like the color,,,,,,,
320,1318,2/26/2020,Too big for me now,,,,,,,
320,1319,2/26/2020,Clothing no longer fits,,,,,,,
320,1320,2/26/2020,Clothing no longer fits,,,,,,,
321,1321,2/27/2020,Sizes no longer fit,,,,,,,
321,1322,2/27/2020,No longer my style,,,,,,,
322,1323,2/27/2020,Too small,,,,,,,
323,1324,2/27/2020,Have too many pairs,,,,,,,
323,1325,2/27/2020,Not my stlye,,,,,,,
323,1326,2/27/2020,Not my stlye,,,,,,,
324,1327,2/28/2020,I have too many shirts,,,,,,,
324,1328,2/28/2020,I am not a fan of vests,,,,,,,
324,1329,2/28/2020,Old clothes,,,,,,,
324,1330,2/29/2020,Not a fan of red shoes,,,,,,,
325,1331,3/1/2020,Got new black shoes for Halloween,,,,,,,
325,1332,3/1/2020,Got new stomper boots,,,,,,,
325,1333,3/1/2020,Too cold to wear in winter,,,,,,,
325,1334,3/2/2020,Got for christmas and didn't like,,,,,,,
325,1335,3/2/2020,Too big for me,,,,,,,
325,1336,3/2/2020,Too old,,,,,,,
326,1337,3/2/2020,Too small,,,,,,,
326,1338,3/3/2020,I do not like them anynmore,,,,,,,
326,1339,3/4/2020,Too Small,,,,,,,
326,1340,3/4/2020,Too Small,,,,,,,
327,1341,3/4/2020,I have too many clothes,,,,,,,
327,1342,3/4/2020,I have too many clothes,,,,,,,
328,1343,3/4/2020,I no longer want these,,,,,,,
328,1344,3/4/2020,I no longer want these,,,,,,,
328,1345,3/5/2020,No longer my style,,,,,,,
328,1346,3/6/2020,No longer my style,,,,,,,
329,1347,3/6/2020,I don't like the color,,,,,,,
329,1348,3/6/2020,Too big for me now,,,,,,,
329,1349,3/6/2020,Clothing no longer fits,,,,,,,
329,1350,3/7/2020,Clothing no longer fits,,,,,,,
329,1351,3/7/2020,Sizes no longer fit,,,,,,,
330,1352,3/8/2020,No longer my style,,,,,,,
330,1353,3/8/2020,Too small,,,,,,,
330,1354,3/9/2020,Have too many pairs,,,,,,,
330,1355,3/9/2020,Not my stlye,,,,,,,
330,1356,3/9/2020,Not my stlye,,,,,,,
331,1357,3/9/2020,I have too many shirts,,,,,,,
331,1358,3/9/2020,I am not a fan of vests,,,,,,,
331,1359,3/9/2020,Old clothes,,,,,,,
332,1360,3/10/2020,Not a fan of red shoes,,,,,,,
332,1361,3/10/2020,Got new black shoes for Halloween,,,,,,,
332,1362,3/10/2020,Got new stomper boots,,,,,,,
332,1363,3/11/2020,Too cold to wear in winter,,,,,,,
332,1364,3/11/2020,Got for christmas and didn't like,,,,,,,
332,1365,3/12/2020,Too big for me,,,,,,,
332,1366,3/12/2020,Too old,,,,,,,
333,1367,3/12/2020,Too small,,,,,,,
333,1368,3/12/2020,I do not like them anynmore,,,,,,,
333,1369,3/13/2020,Too Small,,,,,,,
334,1370,3/13/2020,Too Small,,,,,,,
334,1371,3/14/2020,I have too many clothes,,,,,,,
334,1372,3/14/2020,I have too many clothes,,,,,,,
334,1373,3/14/2020,I no longer want these,,,,,,,
334,1374,3/15/2020,I no longer want these,,,,,,,
334,1375,3/15/2020,No longer my style,,,,,,,
334,1376,3/15/2020,No longer my style,,,,,,,
335,1377,3/16/2020,I don't like the color,,,,,,,
335,1378,3/16/2020,Too big for me now,,,,,,,
336,1379,3/16/2020,Clothing no longer fits,,,,,,,
336,1380,3/17/2020,Clothing no longer fits,,,,,,,
337,1381,3/17/2020,Sizes no longer fit,,,,,,,
337,1382,3/17/2020,No longer my style,,,,,,,
337,1383,3/17/2020,Too small,,,,,,,
337,1384,3/17/2020,Have too many pairs,,,,,,,
337,1385,3/17/2020,Not my stlye,,,,,,,
337,1386,3/18/2020,Not my stlye,,,,,,,
337,1387,3/18/2020,I have too many shirts,,,,,,,
338,1388,3/18/2020,I am not a fan of vests,,,,,,,
338,1389,3/19/2020,Old clothes,,,,,,,
338,1390,3/19/2020,Not a fan of red shoes,,,,,,,
339,1391,3/19/2020,Got new black shoes for Halloween,,,,,,,
340,1392,3/19/2020,Got new stomper boots,,,,,,,
340,1393,3/19/2020,Too cold to wear in winter,,,,,,,
340,1394,3/20/2020,Got for christmas and didn't like,,,,,,,
341,1395,3/20/2020,Too big for me,,,,,,,
341,1396,3/20/2020,Too old,,,,,,,
341,1397,3/20/2020,Too small,,,,,,,
341,1398,3/21/2020,I do not like them anynmore,,,,,,,
341,1399,3/21/2020,Too Small,,,,,,,
342,1400,3/21/2020,Too Small,,,,,,,
342,1401,3/21/2020,I have too many clothes,,,,,,,
342,1402,3/22/2020,I have too many clothes,,,,,,,
342,1403,3/22/2020,I no longer want these,,,,,,,
343,1404,3/22/2020,I no longer want these,,,,,,,
343,1405,3/23/2020,No longer my style,,,,,,,
343,1406,3/24/2020,No longer my style,,,,,,,
343,1407,3/24/2020,I don't like the color,,,,,,,
343,1408,3/24/2020,Too big for me now,,,,,,,
344,1409,3/25/2020,Clothing no longer fits,,,,,,,
344,1410,3/26/2020,Clothing no longer fits,,,,,,,
344,1411,3/26/2020,Sizes no longer fit,,,,,,,
344,1412,3/26/2020,No longer my style,,,,,,,
344,1413,3/26/2020,Too small,,,,,,,
344,1414,3/26/2020,Have too many pairs,,,,,,,
345,1415,3/26/2020,Not my stlye,,,,,,,
345,1416,3/26/2020,Not my stlye,,,,,,,
346,1417,3/27/2020,I have too many shirts,,,,,,,
347,1418,3/28/2020,I am not a fan of vests,,,,,,,
347,1419,3/28/2020,Old clothes,,,,,,,
347,1420,3/28/2020,Not a fan of red shoes,,,,,,,
347,1421,3/28/2020,Got new black shoes for Halloween,,,,,,,
347,1422,3/28/2020,Got new stomper boots,,,,,,,
347,1423,3/29/2020,Too cold to wear in winter,,,,,,,
347,1424,3/29/2020,Got for christmas and didn't like,,,,,,,
348,1425,3/29/2020,Too big for me,,,,,,,
349,1426,3/30/2020,Too old,,,,,,,
349,1427,3/30/2020,Too small,,,,,,,
349,1428,3/30/2020,I do not like them anynmore,,,,,,,
349,1429,3/31/2020,Too Small,,,,,,,
349,1430,3/31/2020,Too Small,,,,,,,
349,1431,3/31/2020,I have too many clothes,,,,,,,
349,1432,3/31/2020,I have too many clothes,,,,,,,
350,1433,3/31/2020,I no longer want these,,,,,,,
350,1434,4/1/2020,I no longer want these,,,,,,,
350,1435,4/1/2020,No longer my style,,,,,,,
350,1436,4/2/2020,No longer my style,,,,,,,
350,1437,4/2/2020,I don't like the color,,,,,,,
350,1438,4/3/2020,Too big for me now,,,,,,,
350,1439,4/3/2020,Clothing no longer fits,,,,,,,
350,1440,4/3/2020,Clothing no longer fits,,,,,,,
351,1441,4/4/2020,Sizes no longer fit,,,,,,,
351,1442,4/4/2020,No longer my style,,,,,,,
351,1443,4/4/2020,Too small,,,,,,,
351,1444,4/5/2020,Have too many pairs,,,,,,,
351,1445,4/5/2020,Not my stlye,,,,,,,
351,1446,4/5/2020,Not my stlye,,,,,,,
351,1447,4/5/2020,I have too many shirts,,,,,,,
352,1448,4/6/2020,I am not a fan of vests,,,,,,,
352,1449,4/7/2020,Old clothes,,,,,,,
352,1450,4/7/2020,Not a fan of red shoes,,,,,,,
352,1451,4/8/2020,Got new black shoes for Halloween,,,,,,,
352,1452,4/8/2020,Got new stomper boots,,,,,,,
352,1453,4/8/2020,Too cold to wear in winter,,,,,,,
353,1454,4/8/2020,Got for christmas and didn't like,,,,,,,
353,1455,4/8/2020,Too big for me,,,,,,,
353,1456,4/9/2020,Too old,,,,,,,
353,1457,4/9/2020,Too small,,,,,,,
354,1458,4/10/2020,I do not like them anynmore,,,,,,,
354,1459,4/11/2020,Too Small,,,,,,,
354,1460,4/11/2020,Too Small,,,,,,,
354,1461,4/12/2020,I have too many clothes,,,,,,,
354,1462,4/12/2020,I have too many clothes,,,,,,,
355,1463,4/12/2020,I no longer want these,,,,,,,
355,1464,4/12/2020,I no longer want these,,,,,,,
355,1465,4/12/2020,No longer my style,,,,,,,
355,1466,4/12/2020,No longer my style,,,,,,,
355,1467,4/14/2020,I don't like the color,,,,,,,
355,1468,4/14/2020,Too big for me now,,,,,,,
356,1469,4/14/2020,Clothing no longer fits,,,,,,,
356,1470,4/14/2020,Clothing no longer fits,,,,,,,
356,1471,4/15/2020,Sizes no longer fit,,,,,,,
356,1472,4/15/2020,No longer my style,,,,,,,
356,1473,4/16/2020,Too small,,,,,,,
356,1474,4/16/2020,Have too many pairs,,,,,,,
357,1475,4/17/2020,Not my stlye,,,,,,,
357,1476,4/17/2020,Not my stlye,,,,,,,
357,1477,4/17/2020,I have too many shirts,,,,,,,
357,1478,4/18/2020,I am not a fan of vests,,,,,,,
357,1479,4/18/2020,Old clothes,,,,,,,
358,1480,4/19/2020,Not a fan of red shoes,,,,,,,
358,1481,4/19/2020,Got new black shoes for Halloween,,,,,,,
358,1482,4/19/2020,Got new stomper boots,,,,,,,
359,1483,4/19/2020,Too cold to wear in winter,,,,,,,
359,1484,4/19/2020,Got for christmas and didn't like,,,,,,,
359,1485,4/20/2020,Too big for me,,,,,,,
360,1486,4/20/2020,Too old,,,,,,,
360,1487,4/21/2020,Too small,,,,,,,
360,1488,4/21/2020,I do not like them anynmore,,,,,,,
361,1489,4/22/2020,Too Small,,,,,,,
361,1490,4/23/2020,Too Small,,,,,,,
361,1491,4/23/2020,I have too many clothes,,,,,,,
361,1492,4/23/2020,I have too many clothes,,,,,,,
362,1493,4/24/2020,I no longer want these,,,,,,,
362,1494,4/24/2020,I no longer want these,,,,,,,
362,1495,4/25/2020,No longer my style,,,,,,,
362,1496,4/25/2020,No longer my style,,,,,,,
363,1497,4/25/2020,I don't like the color,,,,,,,
363,1498,4/25/2020,Too big for me now,,,,,,,
363,1499,4/26/2020,Clothing no longer fits,,,,,,,
363,1500,4/26/2020,Clothing no longer fits,,,,,,,
363,1501,4/27/2020,Sizes no longer fit,,,,,,,
363,1502,4/27/2020,No longer my style,,,,,,,
363,1503,4/27/2020,Too small,,,,,,,
364,1504,4/27/2020,Have too many pairs,,,,,,,
364,1505,4/27/2020,Not my stlye,,,,,,,
364,1506,4/27/2020,Not my stlye,,,,,,,
364,1507,4/27/2020,I have too many shirts,,,,,,,
364,1508,4/28/2020,I am not a fan of vests,,,,,,,
365,1509,4/28/2020,Old clothes,,,,,,,
365,1510,4/28/2020,Not a fan of red shoes,,,,,,,
366,1511,4/28/2020,Got new black shoes for Halloween,,,,,,,
366,1512,4/29/2020,Got new stomper boots,,,,,,,
366,1513,4/29/2020,Too cold to wear in winter,,,,,,,
367,1514,4/29/2020,Got for christmas and didn't like,,,,,,,
367,1515,4/30/2020,Too big for me,,,,,,,
368,1516,4/30/2020,Too old,,,,,,,
369,1517,4/30/2020,Too small,,,,,,,
369,1518,5/1/2020,I do not like them anynmore,,,,,,,
369,1519,5/1/2020,Too Small,,,,,,,
369,1520,5/2/2020,Too Small,,,,,,,
369,1521,5/2/2020,I have too many clothes,,,,,,,
369,1522,5/3/2020,I have too many clothes,,,,,,,
370,1523,5/3/2020,I no longer want these,,,,,,,
370,1524,5/3/2020,I no longer want these,,,,,,,
371,1525,5/3/2020,No longer my style,,,,,,,
371,1526,5/3/2020,No longer my style,,,,,,,
371,1527,5/3/2020,I don't like the color,,,,,,,
371,1528,5/4/2020,Too big for me now,,,,,,,
371,1529,5/4/2020,Clothing no longer fits,,,,,,,
371,1530,5/4/2020,Clothing no longer fits,,,,,,,
371,1531,5/5/2020,Sizes no longer fit,,,,,,,
372,1532,5/5/2020,No longer my style,,,,,,,
372,1533,5/5/2020,Too small,,,,,,,
372,1534,5/5/2020,Have too many pairs,,,,,,,
372,1535,5/5/2020,Not my stlye,,,,,,,
373,1536,5/5/2020,Not my stlye,,,,,,,
374,1537,5/6/2020,I have too many shirts,,,,,,,
374,1538,5/7/2020,I am not a fan of vests,,,,,,,
374,1539,5/7/2020,Old clothes,,,,,,,
374,1540,5/7/2020,Not a fan of red shoes,,,,,,,
374,1541,5/7/2020,Got new black shoes for Halloween,,,,,,,
374,1542,5/8/2020,Got new stomper boots,,,,,,,
374,1543,5/8/2020,Too cold to wear in winter,,,,,,,
374,1544,5/8/2020,Got for christmas and didn't like,,,,,,,
374,1545,5/8/2020,Too big for me,,,,,,,
375,1546,5/9/2020,Too old,,,,,,,
375,1547,5/9/2020,Too small,,,,,,,
375,1548,5/9/2020,I do not like them anynmore,,,,,,,
375,1549,5/9/2020,Too Small,,,,,,,
376,1550,5/9/2020,Too Small,,,,,,,
376,1551,5/10/2020,I have too many clothes,,,,,,,
376,1552,5/10/2020,I have too many clothes,,,,,,,
376,1553,5/10/2020,I no longer want these,,,,,,,
376,1554,5/10/2020,I no longer want these,,,,,,,
376,1555,5/10/2020,No longer my style,,,,,,,
377,1556,5/10/2020,No longer my style,,,,,,,
377,1557,5/11/2020,I don't like the color,,,,,,,
377,1558,5/11/2020,Too big for me now,,,,,,,
377,1559,5/11/2020,Clothing no longer fits,,,,,,,
377,1560,5/11/2020,Clothing no longer fits,,,,,,,
377,1561,5/11/2020,Sizes no longer fit,,,,,,,
378,1562,5/13/2020,No longer my style,,,,,,,
378,1563,5/13/2020,Too small,,,,,,,
378,1564,5/14/2020,Have too many pairs,,,,,,,
378,1565,5/14/2020,Not my stlye,,,,,,,
379,1566,5/14/2020,Not my stlye,,,,,,,
379,1567,5/14/2020,I have too many shirts,,,,,,,
379,1568,5/15/2020,I am not a fan of vests,,,,,,,
379,1569,5/15/2020,Old clothes,,,,,,,
379,1570,5/15/2020,Not a fan of red shoes,,,,,,,
380,1571,5/15/2020,Got new black shoes for Halloween,,,,,,,
380,1572,5/15/2020,Got new stomper boots,,,,,,,
380,1573,5/15/2020,Too cold to wear in winter,,,,,,,
380,1574,5/15/2020,Got for christmas and didn't like,,,,,,,
380,1575,5/16/2020,Too big for me,,,,,,,
380,1576,5/16/2020,Too old,,,,,,,
381,1577,5/16/2020,Too small,,,,,,,
381,1578,5/17/2020,I do not like them anynmore,,,,,,,
381,1579,5/17/2020,Too Small,,,,,,,
381,1580,5/18/2020,Too Small,,,,,,,
382,1581,5/18/2020,I have too many clothes,,,,,,,
382,1582,5/18/2020,I have too many clothes,,,,,,,
383,1583,5/18/2020,I no longer want these,,,,,,,
383,1584,5/19/2020,I no longer want these,,,,,,,
383,1585,5/20/2020,No longer my style,,,,,,,
384,1586,5/20/2020,No longer my style,,,,,,,
384,1587,5/20/2020,I don't like the color,,,,,,,
384,1588,5/20/2020,Too big for me now,,,,,,,
385,1589,5/20/2020,Clothing no longer fits,,,,,,,
385,1590,5/21/2020,Clothing no longer fits,,,,,,,
385,1591,5/21/2020,Sizes no longer fit,,,,,,,
385,1592,5/22/2020,No longer my style,,,,,,,
385,1593,5/22/2020,Too small,,,,,,,
385,1594,5/22/2020,Have too many pairs,,,,,,,
386,1595,5/22/2020,Not my stlye,,,,,,,
386,1596,5/22/2020,Not my stlye,,,,,,,
386,1597,5/23/2020,I have too many shirts,,,,,,,
386,1598,5/23/2020,I am not a fan of vests,,,,,,,
387,1599,5/23/2020,Old clothes,,,,,,,
387,1600,5/23/2020,Not a fan of red shoes,,,,,,,
387,1601,5/24/2020,Got new black shoes for Halloween,,,,,,,
387,1602,5/25/2020,Got new stomper boots,,,,,,,
387,1603,5/25/2020,Too cold to wear in winter,,,,,,,
387,1604,5/25/2020,Got for christmas and didn't like,,,,,,,
388,1605,5/26/2020,Too big for me,,,,,,,
388,1606,5/26/2020,Too old,,,,,,,
388,1607,5/26/2020,Too small,,,,,,,
388,1608,5/27/2020,I do not like them anynmore,,,,,,,
388,1609,5/27/2020,Too Small,,,,,,,
389,1610,5/27/2020,Too Small,,,,,,,
389,1611,5/28/2020,I have too many clothes,,,,,,,
389,1612,5/29/2020,I have too many clothes,,,,,,,
389,1613,5/29/2020,I no longer want these,,,,,,,
389,1614,5/29/2020,I no longer want these,,,,,,,
389,1615,5/29/2020,No longer my style,,,,,,,
389,1616,5/29/2020,No longer my style,,,,,,,
390,1617,5/29/2020,I don't like the color,,,,,,,
391,1618,5/29/2020,Too big for me now,,,,,,,
391,1619,5/30/2020,Clothing no longer fits,,,,,,,
391,1620,5/30/2020,Clothing no longer fits,,,,,,,
391,1621,5/30/2020,Sizes no longer fit,,,,,,,
391,1622,5/30/2020,No longer my style,,,,,,,
391,1623,5/30/2020,Too small,,,,,,,
391,1624,5/30/2020,Have too many pairs,,,,,,,
392,1625,5/31/2020,Not my stlye,,,,,,,
392,1626,5/31/2020,Not my stlye,,,,,,,
392,1627,5/31/2020,I have too many shirts,,,,,,,
392,1628,5/31/2020,I am not a fan of vests,,,,,,,
392,1629,5/31/2020,Old clothes,,,,,,,
393,1630,5/31/2020,Not a fan of red shoes,,,,,,,
393,1631,6/1/2020,Got new black shoes for Halloween,,,,,,,
393,1632,6/1/2020,Got new stomper boots,,,,,,,
393,1633,6/1/2020,Too cold to wear in winter,,,,,,,
393,1634,6/1/2020,Got for christmas and didn't like,,,,,,,
393,1635,6/2/2020,Too big for me,,,,,,,
394,1636,6/2/2020,Too old,,,,,,,
394,1637,6/3/2020,Too small,,,,,,,
394,1638,6/3/2020,I do not like them anynmore,,,,,,,
394,1639,6/3/2020,Too Small,,,,,,,
394,1640,6/3/2020,Too Small,,,,,,,
394,1641,6/4/2020,I have too many clothes,,,,,,,
394,1642,6/5/2020,I have too many clothes,,,,,,,
394,1643,6/5/2020,I no longer want these,,,,,,,
395,1644,6/6/2020,I no longer want these,,,,,,,
395,1645,6/6/2020,No longer my style,,,,,,,
395,1646,6/6/2020,No longer my style,,,,,,,
396,1647,6/6/2020,I don't like the color,,,,,,,
396,1648,6/6/2020,Too big for me now,,,,,,,
396,1649,6/7/2020,Clothing no longer fits,,,,,,,
397,1650,6/7/2020,Clothing no longer fits,,,,,,,
397,1651,6/7/2020,Sizes no longer fit,,,,,,,
397,1652,6/8/2020,No longer my style,,,,,,,
398,1653,6/9/2020,Too small,,,,,,,
398,1654,6/9/2020,Have too many pairs,,,,,,,
398,1655,6/9/2020,Not my stlye,,,,,,,
398,1656,6/9/2020,Not my stlye,,,,,,,
398,1657,6/10/2020,I have too many shirts,,,,,,,
398,1658,6/11/2020,I am not a fan of vests,,,,,,,
399,1659,6/11/2020,Old clothes,,,,,,,
399,1660,6/12/2020,Not a fan of red shoes,,,,,,,
400,1661,6/12/2020,Got new black shoes for Halloween,,,,,,,
400,1662,6/13/2020,Got new stomper boots,,,,,,,
400,1663,6/13/2020,Too cold to wear in winter,,,,,,,
400,1664,6/13/2020,Got for christmas and didn't like,,,,,,,
400,1665,6/13/2020,Too big for me,,,,,,,
400,1666,6/13/2020,Too old,,,,,,,
400,1667,6/14/2020,Too small,,,,,,,
401,1668,6/14/2020,I do not like them anynmore,,,,,,,
401,1669,6/14/2020,Too Small,,,,,,,
401,1670,6/14/2020,Too Small,,,,,,,
401,1671,6/15/2020,I have too many clothes,,,,,,,
401,1672,6/16/2020,I have too many clothes,,,,,,,
403,1673,6/16/2020,I no longer want these,,,,,,,
404,1674,6/17/2020,I no longer want these,,,,,,,
404,1675,6/17/2020,No longer my style,,,,,,,
405,1676,6/17/2020,No longer my style,,,,,,,
405,1677,6/17/2020,I don't like the color,,,,,,,
405,1678,6/17/2020,Too big for me now,,,,,,,
406,1679,6/18/2020,Clothing no longer fits,,,,,,,
406,1680,6/18/2020,Clothing no longer fits,,,,,,,
407,1681,6/18/2020,Sizes no longer fit,,,,,,,
408,1682,6/18/2020,No longer my style,,,,,,,
408,1683,6/18/2020,Too small,,,,,,,
410,1684,6/19/2020,Have too many pairs,,,,,,,
410,1685,6/19/2020,Not my stlye,,,,,,,
410,1686,6/19/2020,Not my stlye,,,,,,,
410,1687,6/20/2020,I have too many shirts,,,,,,,
410,1688,6/20/2020,I am not a fan of vests,,,,,,,
411,1689,6/20/2020,Old clothes,,,,,,,
411,1690,6/20/2020,Not a fan of red shoes,,,,,,,
411,1691,6/20/2020,Got new black shoes for Halloween,,,,,,,
411,1692,6/21/2020,Got new stomper boots,,,,,,,
412,1693,6/22/2020,Too cold to wear in winter,,,,,,,
412,1694,6/24/2020,Got for christmas and didn't like,,,,,,,
412,1695,6/24/2020,Too big for me,,,,,,,
412,1696,6/24/2020,Too old,,,,,,,
412,1697,6/25/2020,Too small,,,,,,,
412,1698,6/25/2020,I do not like them anynmore,,,,,,,
412,1699,6/25/2020,Too Small,,,,,,,
413,1700,6/26/2020,Too Small,,,,,,,
414,1701,6/26/2020,I have too many clothes,,,,,,,
414,1702,6/26/2020,I have too many clothes,,,,,,,
414,1703,6/26/2020,I no longer want these,,,,,,,
414,1704,6/27/2020,I no longer want these,,,,,,,
414,1705,6/27/2020,No longer my style,,,,,,,
414,1706,6/27/2020,No longer my style,,,,,,,
415,1707,6/27/2020,I don't like the color,,,,,,,
415,1708,6/27/2020,Too big for me now,,,,,,,
415,1709,6/27/2020,Clothing no longer fits,,,,,,,
416,1710,6/27/2020,Clothing no longer fits,,,,,,,
416,1711,6/27/2020,Sizes no longer fit,,,,,,,
417,1712,6/28/2020,No longer my style,,,,,,,
417,1713,6/28/2020,Too small,,,,,,,
417,1714,6/28/2020,Have too many pairs,,,,,,,
417,1715,6/28/2020,Not my stlye,,,,,,,
418,1716,6/29/2020,Not my stlye,,,,,,,
418,1717,6/29/2020,I have too many shirts,,,,,,,
419,1718,6/29/2020,I am not a fan of vests,,,,,,,
419,1719,6/29/2020,Old clothes,,,,,,,
419,1720,6/29/2020,Not a fan of red shoes,,,,,,,
419,1721,6/30/2020,Got new black shoes for Halloween,,,,,,,
420,1722,6/30/2020,Got new stomper boots,,,,,,,
420,1723,6/30/2020,Too cold to wear in winter,,,,,,,
420,1724,6/30/2020,Got for christmas and didn't like,,,,,,,
420,1725,7/1/2020,Too big for me,,,,,,,
421,1726,7/1/2020,Too old,,,,,,,
421,1727,7/1/2020,Too small,,,,,,,
421,1728,7/1/2020,I do not like them anynmore,,,,,,,
421,1729,7/1/2020,Too Small,,,,,,,
421,1730,7/1/2020,Too Small,,,,,,,
422,1731,7/1/2020,I have too many clothes,,,,,,,
422,1732,7/2/2020,I have too many clothes,,,,,,,
422,1733,7/2/2020,I no longer want these,,,,,,,
422,1734,7/3/2020,I no longer want these,,,,,,,
422,1735,7/3/2020,No longer my style,,,,,,,
422,1736,7/3/2020,No longer my style,,,,,,,
423,1737,7/3/2020,I don't like the color,,,,,,,
423,1738,7/4/2020,Too big for me now,,,,,,,
423,1739,7/4/2020,Clothing no longer fits,,,,,,,
423,1740,7/4/2020,Clothing no longer fits,,,,,,,
424,1741,7/4/2020,Sizes no longer fit,,,,,,,
424,1742,7/4/2020,No longer my style,,,,,,,
424,1743,7/4/2020,Too small,,,,,,,
424,1744,7/5/2020,Have too many pairs,,,,,,,
424,1745,7/5/2020,Not my stlye,,,,,,,
424,1746,7/5/2020,Not my stlye,,,,,,,
424,1747,7/5/2020,I have too many shirts,,,,,,,
424,1748,7/6/2020,I am not a fan of vests,,,,,,,
424,1749,7/6/2020,Old clothes,,,,,,,
424,1750,7/6/2020,Not a fan of red shoes,,,,,,,
425,1751,7/6/2020,Got new black shoes for Halloween,,,,,,,
425,1752,7/6/2020,Got new stomper boots,,,,,,,
425,1753,7/6/2020,Too cold to wear in winter,,,,,,,
425,1754,7/7/2020,Got for christmas and didn't like,,,,,,,
425,1755,7/7/2020,Too big for me,,,,,,,
425,1756,7/7/2020,Too old,,,,,,,
425,1757,7/7/2020,Too small,,,,,,,
426,1758,7/7/2020,I do not like them anynmore,,,,,,,
426,1759,7/10/2020,Too Small,,,,,,,
426,1760,7/11/2020,Too Small,,,,,,,
426,1761,7/12/2020,I have too many clothes,,,,,,,
427,1762,7/12/2020,I have too many clothes,,,,,,,
427,1763,7/14/2020,I no longer want these,,,,,,,
427,1764,7/14/2020,I no longer want these,,,,,,,
427,1765,7/14/2020,No longer my style,,,,,,,
428,1766,7/14/2020,No longer my style,,,,,,,
428,1767,7/14/2020,I don't like the color,,,,,,,
428,1768,7/14/2020,Too big for me now,,,,,,,
428,1769,7/14/2020,Clothing no longer fits,,,,,,,
428,1770,7/15/2020,Clothing no longer fits,,,,,,,
428,1771,7/16/2020,Sizes no longer fit,,,,,,,
428,1772,7/16/2020,No longer my style,,,,,,,
429,1773,7/17/2020,Too small,,,,,,,
429,1774,7/17/2020,Have too many pairs,,,,,,,
429,1775,7/17/2020,Not my stlye,,,,,,,
430,1776,7/18/2020,Not my stlye,,,,,,,
430,1777,7/18/2020,I have too many shirts,,,,,,,
431,1778,7/18/2020,I am not a fan of vests,,,,,,,
431,1779,7/18/2020,Old clothes,,,,,,,
431,1780,7/18/2020,Not a fan of red shoes,,,,,,,
431,1781,7/19/2020,Got new black shoes for Halloween,,,,,,,
432,1782,7/19/2020,Got new stomper boots,,,,,,,
432,1783,7/20/2020,Too cold to wear in winter,,,,,,,
432,1784,7/20/2020,Got for christmas and didn't like,,,,,,,
433,1785,7/20/2020,Too big for me,,,,,,,
433,1786,7/21/2020,Too old,,,,,,,
433,1787,7/21/2020,Too small,,,,,,,
433,1788,7/21/2020,I do not like them anynmore,,,,,,,
433,1789,7/21/2020,Too Small,,,,,,,
433,1790,7/21/2020,Too Small,,,,,,,
434,1791,7/22/2020,I have too many clothes,,,,,,,
435,1792,7/22/2020,I have too many clothes,,,,,,,
435,1793,7/22/2020,I no longer want these,,,,,,,
436,1794,7/22/2020,I no longer want these,,,,,,,
436,1795,7/22/2020,No longer my style,,,,,,,
437,1796,7/22/2020,No longer my style,,,,,,,
437,1797,7/23/2020,I don't like the color,,,,,,,
437,1798,7/23/2020,Too big for me now,,,,,,,
437,1799,7/24/2020,Clothing no longer fits,,,,,,,
437,1800,7/24/2020,Clothing no longer fits,,,,,,,
437,1801,7/24/2020,Sizes no longer fit,,,,,,,
437,1802,7/24/2020,No longer my style,,,,,,,
437,1803,7/24/2020,Too small,,,,,,,
438,1804,7/24/2020,Have too many pairs,,,,,,,
438,1805,7/25/2020,Not my stlye,,,,,,,
438,1806,7/25/2020,Not my stlye,,,,,,,
438,1807,7/25/2020,I have too many shirts,,,,,,,
439,1808,7/26/2020,I am not a fan of vests,,,,,,,
439,1809,7/26/2020,Old clothes,,,,,,,
439,1810,7/27/2020,Not a fan of red shoes,,,,,,,
440,1811,7/27/2020,Got new black shoes for Halloween,,,,,,,
440,1812,7/27/2020,Got new stomper boots,,,,,,,
440,1813,7/28/2020,Too cold to wear in winter,,,,,,,
440,1814,7/28/2020,Got for christmas and didn't like,,,,,,,
441,1815,7/28/2020,Too big for me,,,,,,,
441,1816,7/29/2020,Too old,,,,,,,
442,1817,7/29/2020,Too small,,,,,,,
442,1818,7/30/2020,I do not like them anynmore,,,,,,,
443,1819,7/30/2020,Too Small,,,,,,,
443,1820,7/31/2020,Too Small,,,,,,,
443,1821,8/1/2020,I have too many clothes,,,,,,,
443,1822,8/1/2020,I have too many clothes,,,,,,,
443,1823,8/1/2020,I no longer want these,,,,,,,
443,1824,8/1/2020,I no longer want these,,,,,,,
443,1825,8/2/2020,No longer my style,,,,,,,
443,1826,8/2/2020,No longer my style,,,,,,,
444,1827,8/3/2020,I don't like the color,,,,,,,
444,1828,8/4/2020,Too big for me now,,,,,,,
444,1829,8/4/2020,Clothing no longer fits,,,,,,,
444,1830,8/4/2020,Clothing no longer fits,,,,,,,
445,1831,8/4/2020,Sizes no longer fit,,,,,,,
445,1832,8/4/2020,No longer my style,,,,,,,
445,1833,8/5/2020,Too small,,,,,,,
445,1834,8/5/2020,Have too many pairs,,,,,,,
445,1835,8/5/2020,Not my stlye,,,,,,,
445,1836,8/5/2020,Not my stlye,,,,,,,
445,1837,8/6/2020,I have too many shirts,,,,,,,
445,1838,8/6/2020,I am not a fan of vests,,,,,,,
445,1839,8/9/2020,Old clothes,,,,,,,
445,1840,8/9/2020,Not a fan of red shoes,,,,,,,
445,1841,8/9/2020,Got new black shoes for Halloween,,,,,,,
446,1842,8/9/2020,Got new stomper boots,,,,,,,
446,1843,8/10/2020,Too cold to wear in winter,,,,,,,
447,1844,8/11/2020,Got for christmas and didn't like,,,,,,,
447,1845,8/11/2020,Too big for me,,,,,,,
447,1846,8/12/2020,Too old,,,,,,,
448,1847,8/12/2020,Too small,,,,,,,
448,1848,8/13/2020,I do not like them anynmore,,,,,,,
448,1849,8/13/2020,Too Small,,,,,,,
448,1850,8/13/2020,Too Small,,,,,,,
448,1851,8/13/2020,I have too many clothes,,,,,,,
449,1852,8/14/2020,I have too many clothes,,,,,,,
449,1853,8/14/2020,I no longer want these,,,,,,,
449,1854,8/14/2020,I no longer want these,,,,,,,
449,1855,8/15/2020,No longer my style,,,,,,,
450,1856,8/15/2020,No longer my style,,,,,,,
450,1857,8/16/2020,I don't like the color,,,,,,,
451,1858,8/16/2020,Too big for me now,,,,,,,
451,1859,8/16/2020,Clothing no longer fits,,,,,,,
451,1860,8/16/2020,Clothing no longer fits,,,,,,,
451,1861,8/16/2020,Sizes no longer fit,,,,,,,
451,1862,8/16/2020,No longer my style,,,,,,,
452,1863,8/16/2020,Too small,,,,,,,
452,1864,8/17/2020,Have too many pairs,,,,,,,
452,1865,8/17/2020,Not my stlye,,,,,,,
452,1866,8/17/2020,Not my stlye,,,,,,,
452,1867,8/17/2020,I have too many shirts,,,,,,,
452,1868,8/17/2020,I am not a fan of vests,,,,,,,
453,1869,8/18/2020,Old clothes,,,,,,,
453,1870,8/18/2020,Not a fan of red shoes,,,,,,,
453,1871,8/19/2020,Got new black shoes for Halloween,,,,,,,
453,1872,8/19/2020,Got new stomper boots,,,,,,,
454,1873,8/20/2020,Too cold to wear in winter,,,,,,,
454,1874,8/20/2020,Got for christmas and didn't like,,,,,,,
454,1875,8/20/2020,Too big for me,,,,,,,
454,1876,8/20/2020,Too old,,,,,,,
455,1877,8/20/2020,Too small,,,,,,,
455,1878,8/20/2020,I do not like them anynmore,,,,,,,
455,1879,8/20/2020,Too Small,,,,,,,
456,1880,8/21/2020,Too Small,,,,,,,
456,1881,8/21/2020,I have too many clothes,,,,,,,
456,1882,8/21/2020,I have too many clothes,,,,,,,
456,1883,8/21/2020,I no longer want these,,,,,,,
457,1884,8/21/2020,I no longer want these,,,,,,,
457,1885,8/21/2020,No longer my style,,,,,,,
457,1886,8/22/2020,No longer my style,,,,,,,
457,1887,8/22/2020,I don't like the color,,,,,,,
457,1888,8/22/2020,Too big for me now,,,,,,,
458,1889,8/22/2020,Clothing no longer fits,,,,,,,
458,1890,8/22/2020,Clothing no longer fits,,,,,,,
458,1891,8/23/2020,Sizes no longer fit,,,,,,,
458,1892,8/23/2020,No longer my style,,,,,,,
458,1893,8/23/2020,Too small,,,,,,,
458,1894,8/23/2020,Have too many pairs,,,,,,,
458,1895,8/24/2020,Not my stlye,,,,,,,
459,1896,8/24/2020,Not my stlye,,,,,,,
459,1897,8/24/2020,I have too many shirts,,,,,,,
459,1898,8/25/2020,I am not a fan of vests,,,,,,,
459,1899,8/25/2020,Old clothes,,,,,,,
459,1900,8/25/2020,Not a fan of red shoes,,,,,,,
460,1901,8/25/2020,Got new black shoes for Halloween,,,,,,,
460,1902,8/26/2020,Got new stomper boots,,,,,,,
460,1903,8/26/2020,Too cold to wear in winter,,,,,,,
460,1904,8/26/2020,Got for christmas and didn't like,,,,,,,
460,1905,8/26/2020,Too big for me,,,,,,,
461,1906,8/27/2020,Too old,,,,,,,
461,1907,8/27/2020,Too small,,,,,,,
462,1908,8/27/2020,I do not like them anynmore,,,,,,,
462,1909,8/28/2020,Too Small,,,,,,,
463,1910,8/28/2020,Too Small,,,,,,,
463,1911,8/28/2020,I have too many clothes,,,,,,,
463,1912,8/28/2020,I have too many clothes,,,,,,,
463,1913,8/28/2020,I no longer want these,,,,,,,
464,1914,8/28/2020,I no longer want these,,,,,,,
464,1915,8/29/2020,No longer my style,,,,,,,
464,1916,8/29/2020,No longer my style,,,,,,,
465,1917,8/29/2020,I don't like the color,,,,,,,
465,1918,8/29/2020,Too big for me now,,,,,,,
465,1919,8/29/2020,Clothing no longer fits,,,,,,,
465,1920,8/29/2020,Clothing no longer fits,,,,,,,
465,1921,8/29/2020,Sizes no longer fit,,,,,,,
466,1922,8/30/2020,No longer my style,,,,,,,
466,1923,8/31/2020,Too small,,,,,,,
467,1924,8/31/2020,Have too many pairs,,,,,,,
468,1925,8/31/2020,Not my stlye,,,,,,,
468,1926,8/31/2020,Not my stlye,,,,,,,
468,1927,9/1/2020,I have too many shirts,,,,,,,
468,1928,9/1/2020,I am not a fan of vests,,,,,,,
469,1929,9/2/2020,Old clothes,,,,,,,
469,1930,9/2/2020,Not a fan of red shoes,,,,,,,
469,1931,9/2/2020,Got new black shoes for Halloween,,,,,,,
469,1932,9/2/2020,Got new stomper boots,,,,,,,
470,1933,9/3/2020,Too cold to wear in winter,,,,,,,
470,1934,9/3/2020,Got for christmas and didn't like,,,,,,,
471,1935,9/3/2020,Too big for me,,,,,,,
471,1936,9/4/2020,Too old,,,,,,,
471,1937,9/4/2020,Too small,,,,,,,
472,1938,9/5/2020,I do not like them anynmore,,,,,,,
472,1939,9/6/2020,Too Small,,,,,,,
473,1940,9/6/2020,Too Small,,,,,,,
473,1941,9/6/2020,I have too many clothes,,,,,,,
473,1942,9/7/2020,I have too many clothes,,,,,,,
473,1943,9/7/2020,I no longer want these,,,,,,,
474,1944,9/7/2020,I no longer want these,,,,,,,
474,1945,9/7/2020,No longer my style,,,,,,,
474,1946,9/8/2020,No longer my style,,,,,,,
474,1947,9/8/2020,I don't like the color,,,,,,,
475,1948,9/8/2020,Too big for me now,,,,,,,
475,1949,9/8/2020,Clothing no longer fits,,,,,,,
475,1950,9/9/2020,Clothing no longer fits,,,,,,,
475,1951,9/9/2020,Sizes no longer fit,,,,,,,
476,1952,9/9/2020,No longer my style,,,,,,,
476,1953,9/9/2020,Too small,,,,,,,
476,1954,9/10/2020,Have too many pairs,,,,,,,
476,1955,9/10/2020,Not my stlye,,,,,,,
476,1956,9/10/2020,Not my stlye,,,,,,,
476,1957,9/11/2020,I have too many shirts,,,,,,,
476,1958,9/11/2020,I am not a fan of vests,,,,,,,
477,1959,9/12/2020,Old clothes,,,,,,,
477,1960,9/13/2020,Not a fan of red shoes,,,,,,,
478,1961,9/13/2020,Got new black shoes for Halloween,,,,,,,
478,1962,9/13/2020,Got new stomper boots,,,,,,,
478,1963,9/13/2020,Too cold to wear in winter,,,,,,,
478,1964,9/14/2020,Got for christmas and didn't like,,,,,,,
479,1965,9/14/2020,Too big for me,,,,,,,
479,1966,9/14/2020,Too old,,,,,,,
479,1967,9/14/2020,Too small,,,,,,,
479,1968,9/15/2020,I do not like them anynmore,,,,,,,
481,1969,9/15/2020,Too Small,,,,,,,
481,1970,9/15/2020,Too Small,,,,,,,
482,1971,9/16/2020,I have too many clothes,,,,,,,
482,1972,9/17/2020,I have too many clothes,,,,,,,
482,1973,9/17/2020,I no longer want these,,,,,,,
482,1974,9/17/2020,I no longer want these,,,,,,,
483,1975,9/18/2020,No longer my style,,,,,,,
483,1976,9/18/2020,No longer my style,,,,,,,
483,1977,9/18/2020,I don't like the color,,,,,,,
483,1978,9/18/2020,Too big for me now,,,,,,,
483,1979,9/18/2020,Clothing no longer fits,,,,,,,
484,1980,9/19/2020,Clothing no longer fits,,,,,,,
484,1981,9/19/2020,Sizes no longer fit,,,,,,,
484,1982,9/19/2020,No longer my style,,,,,,,
484,1983,9/19/2020,Too small,,,,,,,
485,1984,9/20/2020,Have too many pairs,,,,,,,
485,1985,9/20/2020,Not my stlye,,,,,,,
485,1986,9/21/2020,Not my stlye,,,,,,,
485,1987,9/21/2020,I have too many shirts,,,,,,,
486,1988,9/21/2020,I am not a fan of vests,,,,,,,
486,1989,9/22/2020,Old clothes,,,,,,,
486,1990,9/22/2020,Not a fan of red shoes,,,,,,,
487,1991,9/22/2020,Got new black shoes for Halloween,,,,,,,
487,1992,9/23/2020,Got new stomper boots,,,,,,,
487,1993,9/23/2020,Too cold to wear in winter,,,,,,,
487,1994,9/23/2020,Got for christmas and didn't like,,,,,,,
487,1995,9/23/2020,Too big for me,,,,,,,
488,1996,9/24/2020,Too old,,,,,,,
488,1997,9/24/2020,Too small,,,,,,,
488,1998,9/24/2020,I do not like them anynmore,,,,,,,
489,1999,9/25/2020,Too Small,,,,,,,
489,2000,9/25/2020,Too Small,,,,,,,
489,2001,9/25/2020,I have too many clothes,,,,,,,
489,2002,9/25/2020,I have too many clothes,,,,,,,
489,2003,9/25/2020,I no longer want these,,,,,,,
489,2004,9/25/2020,I no longer want these,,,,,,,
489,2005,9/26/2020,No longer my style,,,,,,,
490,2006,9/26/2020,No longer my style,,,,,,,
490,2007,9/27/2020,I don't like the color,,,,,,,
491,2008,9/27/2020,Too big for me now,,,,,,,
491,2009,9/27/2020,Clothing no longer fits,,,,,,,
491,2010,9/27/2020,Clothing no longer fits,,,,,,,
491,2011,9/28/2020,Sizes no longer fit,,,,,,,
491,2012,9/28/2020,No longer my style,,,,,,,
492,2013,9/28/2020,Too small,,,,,,,
492,2014,9/28/2020,Have too many pairs,,,,,,,
492,2015,9/28/2020,Not my stlye,,,,,,,
492,2016,9/29/2020,Not my stlye,,,,,,,
493,2017,9/29/2020,I have too many shirts,,,,,,,
493,2018,9/29/2020,I am not a fan of vests,,,,,,,
493,2019,9/30/2020,Old clothes,,,,,,,
493,2020,9/30/2020,Not a fan of red shoes,,,,,,,
493,2021,9/30/2020,Got new black shoes for Halloween,,,,,,,
495,2022,10/1/2020,Got new stomper boots,,,,,,,
495,2023,10/1/2020,Too cold to wear in winter,,,,,,,
495,2024,10/1/2020,Got for christmas and didn't like,,,,,,,
496,2025,10/1/2020,Too big for me,,,,,,,
496,2026,10/2/2020,Too old,,,,,,,
496,2027,10/2/2020,Too small,,,,,,,
496,2028,10/2/2020,I do not like them anynmore,,,,,,,
496,2029,10/3/2020,Too Small,,,,,,,
496,2030,10/3/2020,Too Small,,,,,,,
496,2031,10/4/2020,I have too many clothes,,,,,,,
496,2032,10/4/2020,I have too many clothes,,,,,,,
496,2033,10/4/2020,I no longer want these,,,,,,,
497,2034,10/4/2020,I no longer want these,,,,,,,
497,2035,10/4/2020,No longer my style,,,,,,,
497,2036,10/4/2020,No longer my style,,,,,,,
497,2037,10/4/2020,I don't like the color,,,,,,,
497,2038,10/4/2020,Too big for me now,,,,,,,
498,2039,10/5/2020,Clothing no longer fits,,,,,,,
498,2040,10/5/2020,Clothing no longer fits,,,,,,,
498,2041,10/6/2020,Sizes no longer fit,,,,,,,
498,2042,10/6/2020,No longer my style,,,,,,,
499,2043,10/6/2020,Too small,,,,,,,
499,2044,10/6/2020,Have too many pairs,,,,,,,
499,2045,10/7/2020,Not my stlye,,,,,,,
500,2046,10/7/2020,Not my stlye,,,,,,,
500,2047,10/7/2020,I have too many shirts,,,,,,,
500,2048,10/8/2020,I am not a fan of vests,,,,,,,
501,2049,10/9/2020,Old clothes,,,,,,,
501,2050,10/9/2020,Not a fan of red shoes,,,,,,,
501,2051,10/9/2020,Got new black shoes for Halloween,,,,,,,
501,2052,10/10/2020,Got new stomper boots,,,,,,,
501,2053,10/10/2020,Too cold to wear in winter,,,,,,,
502,2054,10/11/2020,Got for christmas and didn't like,,,,,,,
502,2055,10/11/2020,Too big for me,,,,,,,
503,2056,10/11/2020,Too old,,,,,,,
503,2057,10/11/2020,Too small,,,,,,,
503,2058,10/11/2020,I do not like them anynmore,,,,,,,
503,2059,10/12/2020,Too Small,,,,,,,
503,2060,10/12/2020,Too Small,,,,,,,
503,2061,10/13/2020,I have too many clothes,,,,,,,
505,2062,10/13/2020,I have too many clothes,,,,,,,
505,2063,10/13/2020,I no longer want these,,,,,,,
505,2064,10/13/2020,I no longer want these,,,,,,,
505,2065,10/14/2020,No longer my style,,,,,,,
506,2066,10/14/2020,No longer my style,,,,,,,
506,2067,10/14/2020,I don't like the color,,,,,,,
506,2068,10/15/2020,Too big for me now,,,,,,,
506,2069,10/16/2020,Clothing no longer fits,,,,,,,
506,2070,10/16/2020,Clothing no longer fits,,,,,,,
507,2071,10/17/2020,Sizes no longer fit,,,,,,,
507,2072,10/17/2020,No longer my style,,,,,,,
508,2073,10/17/2020,Too small,,,,,,,
509,2074,10/17/2020,Have too many pairs,,,,,,,
509,2075,10/18/2020,Not my stlye,,,,,,,
509,2076,10/19/2020,Not my stlye,,,,,,,
510,2077,10/19/2020,I have too many shirts,,,,,,,
510,2078,10/19/2020,I am not a fan of vests,,,,,,,
510,2079,10/20/2020,Old clothes,,,,,,,
510,2080,10/20/2020,Not a fan of red shoes,,,,,,,
510,2081,10/20/2020,Got new black shoes for Halloween,,,,,,,
511,2082,10/20/2020,Got new stomper boots,,,,,,,
511,2083,10/21/2020,Too cold to wear in winter,,,,,,,
511,2084,10/21/2020,Got for christmas and didn't like,,,,,,,
511,2085,10/22/2020,Too big for me,,,,,,,
511,2086,10/22/2020,Too old,,,,,,,
511,2087,10/22/2020,Too small,,,,,,,
512,2088,10/23/2020,I do not like them anynmore,,,,,,,
512,2089,10/23/2020,Too Small,,,,,,,
512,2090,10/23/2020,Too Small,,,,,,,
513,2091,10/23/2020,I have too many clothes,,,,,,,
513,2092,10/23/2020,I have too many clothes,,,,,,,
513,2093,10/23/2020,I no longer want these,,,,,,,
513,2094,10/23/2020,I no longer want these,,,,,,,
514,2095,10/24/2020,No longer my style,,,,,,,
515,2096,10/24/2020,No longer my style,,,,,,,
515,2097,10/24/2020,I don't like the color,,,,,,,
515,2098,10/25/2020,Too big for me now,,,,,,,
515,2099,10/25/2020,Clothing no longer fits,,,,,,,
516,2100,10/25/2020,Clothing no longer fits,,,,,,,
516,2101,10/25/2020,Sizes no longer fit,,,,,,,
516,2102,10/25/2020,No longer my style,,,,,,,
516,2103,10/25/2020,Too small,,,,,,,
517,2104,10/26/2020,Have too many pairs,,,,,,,
517,2105,10/26/2020,Not my stlye,,,,,,,
517,2106,10/27/2020,Not my stlye,,,,,,,
517,2107,10/27/2020,I have too many shirts,,,,,,,
517,2108,10/27/2020,I am not a fan of vests,,,,,,,
517,2109,10/27/2020,Old clothes,,,,,,,
517,2110,10/27/2020,Not a fan of red shoes,,,,,,,
518,2111,10/27/2020,Got new black shoes for Halloween,,,,,,,
518,2112,10/28/2020,Got new stomper boots,,,,,,,
518,2113,10/28/2020,Too cold to wear in winter,,,,,,,
519,2114,10/28/2020,Got for christmas and didn't like,,,,,,,
519,2115,10/29/2020,Too big for me,,,,,,,
519,2116,10/30/2020,Too old,,,,,,,
519,2117,10/31/2020,Too small,,,,,,,
519,2118,10/31/2020,I do not like them anynmore,,,,,,,
520,2119,10/31/2020,Too Small,,,,,,,
520,2120,10/31/2020,Too Small,,,,,,,
520,2121,10/31/2020,I have too many clothes,,,,,,,
